,s1,s2,s3,s4,s5,s6,s7,s8,s9,MDPstate
0,0.0,-0.26186579378068725,3.291945060822142e-18,0.23222060958015392,0.4123076923097796,0.6153846153883441,0.854862119017747,1.0000000000064024,1.163666121122137,0.0
1,-0.26186579378069685,-0.26186579378068753,0.22508857118265396,0.2479503363717006,0.4123076923097796,0.854862119017747,0.854862119017747,1.0000000000064024,1.163666121122137,0.0
2,-0.26186579378069685,-0.26186579378068775,0.2322206095802892,0.4123076923097796,0.517007300869688,0.854862119017747,0.8701872270789669,1.008256172841318,1.163666121122137,0.0
3,-0.2618657937806885,-0.2618657937806878,0.23222060958028462,0.4123076923097796,0.6153846153883441,0.854862119017747,0.9689731914391668,1.1001104685666434,1.1660236471625236,0.0
4,-0.26186579378068786,-0.23888218423781585,0.2322206095802783,0.4123076923097796,0.6153846153883441,0.854862119017747,1.0000000000064024,1.163666121122137,1.2237917836442829,0.0
5,-0.2618657937806877,-0.18440188240067656,0.23222060958027316,0.4123076923097796,0.6153846153883441,0.854862119017747,1.0000000000064024,1.163666121122137,1.3002319807318237,0.0
6,-0.26186579378068764,-0.1340757505469864,0.23222060958026866,0.4123076923097796,0.6153846153883441,0.854862119017747,1.0000000000064024,1.163666121122137,1.3579395803796372,0.0
7,-0.2618657937806876,-0.09128512446338431,0.2322206095802641,0.4123076923097796,0.6153846153883441,0.854862119017747,1.0000000000064024,1.163666121122137,1.409436290573055,0.0
8,-0.26186579378068753,-0.06787594183387699,0.23222060958025736,0.4123076923097796,0.6153846153883441,0.854862119017747,1.0000000000064024,1.163666121122137,1.4255319149021832,0.0
9,-0.26186579378068753,-0.042107384572402956,0.2322206095802528,0.4123076923097796,0.6153846153883441,0.854862119017747,1.0000000000064024,1.163666121122137,1.4255319149021832,0.0
10,-0.26186579378068753,-0.025840720038157957,0.2322206095802434,0.4123076923097796,0.6153846153883441,0.854862119017747,1.0000000000064024,1.163666121122137,1.4255319149021832,0.0
11,-0.26186579378068753,-0.019554895804070334,0.2322206095802434,0.4123076923097796,0.6153846153883441,0.854862119017747,1.0000000000064024,1.163666121122137,1.4255319149021832,0.0
12,-0.2618657937806875,-0.011416275389414038,0.2322206095802434,0.4123076923097796,0.6153846153883441,0.854862119017747,1.0000000000064024,1.163666121122137,1.4255319149021832,0.0
13,-0.26186579378068753,-0.007168822605437322,0.23222060958022978,0.4123076923097796,0.6153846153883441,0.854862119017747,1.0000000000064024,1.163666121122137,1.4255319149021832,0.0
14,-0.26186579378068753,-0.004533550221751531,0.23222060958022303,0.4123076923097796,0.6153846153883441,0.854862119017747,1.0000000000064024,1.163666121122137,1.4255319149021832,0.0
15,-0.2618657937806875,-0.002957542039038267,0.2322206095802164,0.4123076923097796,0.6153846153883441,0.854862119017747,1.0000000000064024,1.163666121122137,1.4255319149021832,0.0
16,-0.2618657937806875,-0.0017858170171323286,0.2322206095802164,0.4123076923097796,0.6153846153883441,0.854862119017747,1.0000000000064024,1.163666121122137,1.4255319149021832,0.0
17,-0.2618657937806875,-0.001284381617252664,0.2322206095802164,0.4123076923097796,0.6153846153883441,0.854862119017747,1.0000000000064024,1.163666121122137,1.4255319149021832,0.0
18,-0.26186579378068753,-0.0008472597550413249,0.2322206095802034,0.4123076923097796,0.6153846153883441,0.854862119017747,1.0000000000064024,1.163666121122137,1.4255319149021832,0.0
19,-0.26186579378068753,-0.0005474916839170693,0.2322206095802034,0.4123076923097796,0.6153846153883441,0.854862119017747,1.0000000000064024,1.163666121122137,1.4255319149021832,0.0
20,-0.26186579378068753,-0.0003067738907079916,0.2322206095801907,0.4123076923097796,0.6153846153883441,0.854862119017747,1.0000000000064024,1.163666121122137,1.4255319149021832,0.0
21,-0.26186579378068753,-0.0002607060267620915,0.2322206095801907,0.4123076923097796,0.6153846153883441,0.854862119017747,1.0000000000064024,1.163666121122137,1.4255319149021832,0.0
22,-0.26186579378068753,-0.00013435960214430842,0.2322206095801907,0.4123076923097796,0.6153846153883441,0.854862119017747,1.0000000000064024,1.163666121122137,1.4255319149021832,0.0
23,-0.26186579378068753,-9.452578445190989e-05,0.2322206095801783,0.4123076923097796,0.6153846153883441,0.854862119017747,1.0000000000064024,1.163666121122137,1.4255319149021832,0.0
24,-0.26186579378068753,-6.654591805659375e-05,0.2322206095801783,0.4123076923097796,0.6153846153883441,0.854862119017747,1.0000000000064024,1.163666121122137,1.4255319149021832,0.0
25,-0.26186579378068753,-3.0395972372906843e-05,0.23222060958016616,0.4123076923097796,0.6153846153883441,0.854862119017747,1.0000000000064024,1.163666121122137,1.4255319149021832,0.0
26,-0.26186579378068753,-2.3726311228148372e-05,0.23222060958016616,0.4123076923097796,0.6153846153883441,0.854862119017747,1.0000000000064024,1.163666121122137,1.4255319149021832,0.0
27,-0.26186579378068753,-2.3726311228148372e-05,0.23222060958016616,0.4123076923097796,0.6153846153883441,0.854862119017747,1.0000000000064024,1.163666121122137,1.4255319149021832,0.0
28,-0.26186579378068753,-9.40963789363982e-06,0.2322206095801545,0.4123076923097796,0.6153846153883441,0.854862119017747,1.0000000000064024,1.163666121122137,1.4255319149021832,0.0
29,-0.26186579378068753,-6.317767491353945e-06,0.23222060958015456,0.4123076923097796,0.6153846153883441,0.854862119017747,1.0000000000064024,1.163666121122137,1.4255319149021832,0.0
30,-0.26186579378068753,-2.8399423571122276e-06,0.23222060958015456,0.4123076923097796,0.6153846153883441,0.854862119017747,1.0000000000064024,1.163666121122137,1.4255319149021832,0.0
31,-0.26186579378068753,-2.8399423571122276e-06,0.23222060958015459,0.4123076923097796,0.6153846153883441,0.854862119017747,1.0000000000064024,1.163666121122137,1.4255319149021832,0.0
32,-0.26186579378068753,-2.8399423571122276e-06,0.2322206095801546,0.4123076923097796,0.6153846153883441,0.854862119017747,1.0000000000064024,1.163666121122137,1.4255319149021832,0.0
33,-0.2618657937806876,-7.403852305161514e-07,0.23222060958015459,0.4123076923097796,0.6153846153883441,0.854862119017747,1.0000000000064024,1.163666121122137,1.4255319149021832,0.0
34,-0.2618657937806876,-4.4411107747729117e-07,0.23222060958015459,0.4123076923097796,0.6153846153883441,0.854862119017747,1.0000000000064024,1.163666121122137,1.4255319149021832,0.0
35,-0.26186579378068764,-2.4709207428300607e-07,0.23222060958015459,0.4123076923097796,0.6153846153883441,0.854862119017747,1.0000000000064024,1.163666121122137,1.4255319149021832,0.0
36,-0.26186579378068764,-2.4709207428300607e-07,0.23222060958015459,0.4123076923097796,0.6153846153883441,0.854862119017747,1.0000000000064024,1.163666121122137,1.4255319149021832,0.0
37,-0.26186579378068764,-2.4709207428300607e-07,0.23222060958015459,0.4123076923097796,0.6153846153883441,0.854862119017747,1.0000000000064024,1.163666121122137,1.4255319149021832,0.0
38,-0.26186579378068764,-5.7368917637166075e-08,0.23222060958015456,0.4123076923097796,0.6153846153883441,0.854862119017747,1.0000000000064024,1.163666121122137,1.4255319149021832,0.0
39,-0.26186579378068764,-5.7368917637166075e-08,0.23222060958015456,0.4123076923097796,0.6153846153883441,0.854862119017747,1.0000000000064024,1.163666121122137,1.4255319149021832,0.0
40,-0.26186579378068764,-5.7368917637166075e-08,0.23222060958015456,0.4123076923097796,0.6153846153883441,0.854862119017747,1.0000000000064024,1.163666121122137,1.4255319149021832,0.0
41,-0.26186579378068764,-7.010652652064776e-09,0.23222060958015453,0.4123076923097796,0.6153846153883441,0.854862119017747,1.0000000000064024,1.163666121122137,1.4255319149021832,0.0
42,-0.26186579378068764,-7.010652652064776e-09,0.23222060958015453,0.4123076923097796,0.6153846153883441,0.854862119017747,1.0000000000064024,1.163666121122137,1.4255319149021832,0.0
43,-0.2618657937806876,-3.148499863673394e-10,0.23222060958015447,0.4123076923097796,0.6153846153883441,0.854862119017747,1.0000000000064024,1.163666121122137,1.4255319149021832,0.0
44,-0.2618657937806876,-3.148499863673394e-10,0.23222060958015447,0.4123076923097796,0.6153846153883441,0.854862119017747,1.0000000000064024,1.163666121122137,1.4255319149021832,0.0
45,-0.2618657937806875,-3.148499863673394e-10,0.23222060958015447,0.4123076923097796,0.6153846153883441,0.854862119017747,1.0000000000064024,1.163666121122137,1.4255319149021832,0.0
46,-0.2618657937806875,-1.110498282880327e-09,0.23222060958015447,0.4123076923097796,0.6153846153883441,0.854862119017747,1.0000000000064024,1.163666121122137,1.4255319149021832,0.0
47,-0.2618657937806875,-1.110498282880327e-09,0.23222060958015447,0.4123076923097796,0.6153846153883441,0.854862119017747,1.0000000000064024,1.163666121122137,1.4255319149021832,0.0
48,-0.2618657937806875,-1.2790346740695293e-09,0.23222060958015442,0.4123076923097796,0.6153846153883441,0.854862119017747,1.0000000000064024,1.163666121122137,1.4255319149021832,0.0
49,-0.2618657937806875,-1.2790346740695293e-09,0.23222060958015442,0.4123076923097796,0.6153846153883441,0.854862119017747,1.0000000000064024,1.163666121122137,1.4255319149021832,0.0
50,-0.2618657937806874,-7.677470203639801e-10,0.23222060958015436,0.4123076923097796,0.6153846153883441,0.854862119017747,1.0000000000064024,1.163666121122137,1.4255319149021832,0.0
51,-0.2618657937806874,-7.677470203639801e-10,0.23222060958015436,0.4123076923097796,0.6153846153883441,0.854862119017747,1.0000000000064024,1.163666121122137,1.4255319149021832,0.0
52,-0.2618657937806874,-7.677470203639801e-10,0.23222060958015436,0.4123076923097796,0.6153846153883441,0.854862119017747,1.0000000000064024,1.163666121122137,1.4255319149021832,0.0
53,-0.2618657937806874,-2.9937484863263774e-10,0.23222060958015434,0.4123076923097796,0.6153846153883441,0.854862119017747,1.0000000000064024,1.163666121122137,1.4255319149021832,0.0
54,-0.2618657937806874,-2.9937484863263774e-10,0.23222060958015434,0.4123076923097796,0.6153846153883441,0.854862119017747,1.0000000000064024,1.163666121122137,1.4255319149021832,0.0
55,-0.26186579378068736,-7.107048561674153e-11,0.23222060958015434,0.4123076923097796,0.6153846153883441,0.854862119017747,1.0000000000064024,1.163666121122137,1.4255319149021832,0.0
56,-0.26186579378068736,-7.107048561674153e-11,0.23222060958015434,0.4123076923097796,0.6153846153883441,0.854862119017747,1.0000000000064024,1.163666121122137,1.4255319149021832,0.0
57,-0.26186579378068736,-7.107048561674153e-11,0.23222060958015434,0.4123076923097796,0.6153846153883441,0.854862119017747,1.0000000000064024,1.163666121122137,1.4255319149021832,0.0
58,-0.26186579378068736,-2.483583874638466e-12,0.2322206095801543,0.4123076923097796,0.6153846153883441,0.854862119017747,1.0000000000064024,1.163666121122137,1.4255319149021832,0.0
59,-0.26186579378068736,-2.483583874638466e-12,0.2322206095801543,0.4123076923097796,0.6153846153883441,0.854862119017747,1.0000000000064024,1.163666121122137,1.4255319149021832,0.0
60,-0.26186579378068736,5.497917908458497e-12,0.23222060958015428,0.4123076923097796,0.6153846153883441,0.854862119017747,1.0000000000064024,1.163666121122137,1.4255319149021832,0.0
61,-0.2618657937806873,5.497917908458497e-12,0.23222060958015428,0.4123076923097796,0.6153846153883441,0.854862119017747,1.0000000000064024,1.163666121122137,1.4255319149021832,0.0
62,-0.2618657937806873,5.497917908458497e-12,0.23222060958015428,0.4123076923097796,0.6153846153883441,0.854862119017747,1.0000000000064024,1.163666121122137,1.4255319149021832,0.0
63,-0.26186579378068725,1.6822938571962147e-12,0.23222060958015422,0.4123076923097796,0.6153846153883441,0.854862119017747,1.0000000000064024,1.163666121122137,1.4255319149021832,0.0
64,-0.26186579378068725,1.6822938571962147e-12,0.23222060958015422,0.4123076923097796,0.6153846153883441,0.854862119017747,1.0000000000064024,1.163666121122137,1.4255319149021832,0.0
65,-0.2618657937806872,1.6822938571962147e-12,0.23222060958015422,0.4123076923097796,0.6153846153883441,0.854862119017747,1.0000000000064024,1.163666121122137,1.4255319149021832,0.0
66,-0.2618657937806872,-5.73024291968929e-13,0.23222060958015428,0.4123076923097796,0.6153846153883441,0.854862119017747,1.0000000000064024,1.163666121122137,1.4255319149021832,0.0
67,-0.2618657937806872,-5.73024291968929e-13,0.23222060958015428,0.4123076923097796,0.6153846153883441,0.854862119017747,1.0000000000064024,1.163666121122137,1.4255319149021832,0.0
68,-0.2618657937806872,-7.84823127525288e-13,0.23222060958015422,0.4123076923097796,0.6153846153883441,0.854862119017747,1.0000000000064024,1.163666121122137,1.4255319149021832,0.0
69,-0.2618657937806872,-7.84823127525288e-13,0.23222060958015422,0.4123076923097796,0.6153846153883441,0.854862119017747,1.0000000000064024,1.163666121122137,1.4255319149021832,0.0
70,-0.26186579378068714,-4.015626003106371e-13,0.2322206095801542,0.4123076923097796,0.6153846153883441,0.854862119017747,1.0000000000064024,1.163666121122137,1.4255319149021832,0.0
71,-0.26186579378068714,-4.015626003106371e-13,0.2322206095801542,0.4123076923097796,0.6153846153883441,0.854862119017747,1.0000000000064024,1.163666121122137,1.4255319149021832,0.0
72,-0.26186579378068714,-4.015626003106371e-13,0.2322206095801542,0.4123076923097796,0.6153846153883441,0.854862119017747,1.0000000000064024,1.163666121122137,1.4255319149021832,0.0
73,-0.26186579378068714,-1.153942218349781e-13,0.2322206095801542,0.4123076923097796,0.6153846153883441,0.854862119017747,1.0000000000064024,1.163666121122137,1.4255319149021832,0.0
74,-0.26186579378068714,-1.153942218349781e-13,0.2322206095801542,0.4123076923097796,0.6153846153883441,0.854862119017747,1.0000000000064024,1.163666121122137,1.4255319149021832,0.0
75,-0.2618657937806871,-7.05993779184515e-15,0.2322206095801541,0.4123076923097796,0.6153846153883441,0.854862119017747,1.0000000000064024,1.163666121122137,1.4255319149021832,0.0
76,-0.2618657937806871,-7.05993779184515e-15,0.2322206095801541,0.4123076923097796,0.6153846153883441,0.854862119017747,1.0000000000064024,1.163666121122137,1.4255319149021832,0.0
77,-0.2618657937806871,-7.05993779184515e-15,0.2322206095801541,0.4123076923097796,0.6153846153883441,0.854862119017747,1.0000000000064024,1.163666121122137,1.4255319149021832,0.0
78,-0.2618657937806871,1.1094585055071211e-14,0.23222060958015409,0.4123076923097796,0.6153846153883441,0.854862119017747,1.0000000000064024,1.163666121122137,1.4255319149021832,0.0
79,-0.2618657937806871,1.1094585055071211e-14,0.23222060958015409,0.4123076923097796,0.6153846153883441,0.854862119017747,1.0000000000064024,1.163666121122137,1.4255319149021832,0.0
80,-0.26186579378068714,5.716286397083694e-15,0.23222060958015409,0.4123076923097796,0.6153846153883441,0.854862119017747,1.0000000000064024,1.163666121122137,1.4255319149021832,0.0
81,-0.26186579378068714,5.716286397083694e-15,0.23222060958015409,0.4123076923097796,0.6153846153883441,0.854862119017747,1.0000000000064024,1.163666121122137,1.4255319149021832,0.0
82,-0.26186579378068714,5.716286397083694e-15,0.23222060958015409,0.4123076923097796,0.6153846153883441,0.854862119017747,1.0000000000064024,1.163666121122137,1.4255319149021832,0.0
83,-0.26186579378068714,7.886881293624135e-16,0.23222060958015406,0.4123076923097796,0.6153846153883441,0.854862119017747,1.0000000000064024,1.163666121122137,1.4255319149021832,0.0
84,-0.26186579378068714,7.886881293624135e-16,0.23222060958015406,0.4123076923097796,0.6153846153883441,0.854862119017747,1.0000000000064024,1.163666121122137,1.4255319149021832,0.0
85,-0.26186579378068714,-6.66913183941492e-16,0.23222060958015403,0.4123076923097796,0.6153846153883441,0.854862119017747,1.0000000000064024,1.163666121122137,1.4255319149021832,0.0
86,-0.26186579378068714,-6.66913183941492e-16,0.23222060958015403,0.4123076923097796,0.6153846153883441,0.854862119017747,1.0000000000064024,1.163666121122137,1.4255319149021832,0.0
87,-0.26186579378068714,-6.66913183941492e-16,0.23222060958015403,0.4123076923097796,0.6153846153883441,0.854862119017747,1.0000000000064024,1.163666121122137,1.4255319149021832,0.0
88,-0.26186579378068714,-5.424167880474623e-16,0.23222060958015403,0.4123076923097796,0.6153846153883441,0.854862119017747,1.0000000000064024,1.163666121122137,1.4255319149021832,0.0
89,-0.26186579378068714,-5.424167880474623e-16,0.23222060958015403,0.4123076923097796,0.6153846153883441,0.854862119017747,1.0000000000064024,1.163666121122137,1.4255319149021832,0.0
90,-0.26186579378068714,-5.424167880474623e-16,0.23222060958015403,0.4123076923097796,0.6153846153883441,0.854862119017747,1.0000000000064024,1.163666121122137,1.4255319149021832,0.0
91,-0.26186579378068714,-2.0372456520036088e-16,0.23222060958015397,0.4123076923097796,0.6153846153883441,0.854862119017747,1.0000000000064024,1.163666121122137,1.4255319149021832,0.0
92,-0.26186579378068714,-2.0372456520036088e-16,0.23222060958015397,0.4123076923097796,0.6153846153883441,0.854862119017747,1.0000000000064024,1.163666121122137,1.4255319149021832,0.0
93,-0.2618657937806872,-2.941275752494023e-17,0.23222060958015397,0.4123076923097796,0.6153846153883441,0.854862119017747,1.0000000000064024,1.163666121122137,1.4255319149021832,0.0
94,-0.2618657937806872,-2.941275752494023e-17,0.23222060958015397,0.4123076923097796,0.6153846153883441,0.854862119017747,1.0000000000064024,1.163666121122137,1.4255319149021832,0.0
95,-0.2618657937806872,1.411250026422062e-17,0.23222060958015395,0.4123076923097796,0.6153846153883441,0.854862119017747,1.0000000000064024,1.163666121122137,1.4255319149021832,0.0
96,-0.2618657937806872,1.411250026422062e-17,0.23222060958015395,0.4123076923097796,0.6153846153883441,0.854862119017747,1.0000000000064024,1.163666121122137,1.4255319149021832,0.0
97,-0.2618657937806872,1.411250026422062e-17,0.23222060958015395,0.4123076923097796,0.6153846153883441,0.854862119017747,1.0000000000064024,1.163666121122137,1.4255319149021832,0.0
98,-0.2618657937806872,1.116648125324436e-17,0.23222060958015392,0.4123076923097796,0.6153846153883441,0.854862119017747,1.0000000000064024,1.163666121122137,1.4255319149021832,0.0
99,-0.2618657937806872,1.116648125324436e-17,0.23222060958015392,0.4123076923097796,0.6153846153883441,0.854862119017747,1.0000000000064024,1.163666121122137,1.4255319149021832,0.0
100,0.0,-0.26186579378068725,-0.26186579378068686,0.5102583109755819,0.4123076923076983,0.6153846153856659,0.8548621190154614,1.0000000000065485,1.1636661211240518,1.0
101,-0.26186579378069685,-0.26186579378068725,-0.10092942650587575,0.6039735312328599,0.47705020778790985,0.8548621190154614,0.8570763337881185,1.0000000000065485,1.1636661211240518,1.0
102,-0.26186579378069685,-0.26186579378068725,0.2131671588940157,0.5207488738363402,0.6153846153856659,0.8548621190154614,0.9224090998074271,1.0082561907544763,1.1636661211240518,1.0
103,-0.2618657937806885,-0.26186579378068725,0.4113671176554687,0.4123076923076983,0.6153846153856659,0.8548621190154614,1.0000000000065485,1.1001104634137007,1.1636661211240518,1.0
104,-0.26186579378068786,-0.26186579378068725,0.4928711279516876,0.4123076923076983,0.6153846153856659,0.8548621190154614,1.0000000000065485,1.1636661211240518,1.1636661211240518,1.0
105,-0.2618657937806877,-0.26186579378068725,0.5307860035073502,0.4123076923076983,0.6153846153856659,0.8548621190154614,1.0000000000065485,1.1636661211240518,1.1636661211240518,1.0
106,-0.26186579378068764,-0.26186579378068725,0.549502670202606,0.4123076923076983,0.6153846153856659,0.8548621190154614,1.0000000000065485,1.1636661211240518,1.1636661211240518,1.0
107,-0.2618657937806876,-0.26186579378068725,0.5548900442125358,0.4123076923076983,0.6153846153856659,0.8548621190154614,1.0000000000065485,1.1636661211240518,1.1636661211240518,1.0
108,-0.26186579378068753,-0.26186579378068725,0.5559476618161944,0.4123076923076983,0.6153846153856659,0.8548621190154614,1.0000000000065485,1.1636661211240518,1.1636661211240518,1.0
109,-0.26186579378068753,-0.26186579378068725,0.5553718384450006,0.4123076923076983,0.6153846153856659,0.8548621190154614,1.0000000000065485,1.1636661211240518,1.1636661211240518,1.0
110,-0.26186579378068753,-0.2618657937806873,0.552805721563684,0.4123076923076983,0.6153846153856659,0.8548621190154614,1.0000000000065485,1.1636661211240518,1.1636661211240518,1.0
111,-0.26186579378068753,-0.2618657937806873,0.5513787462334342,0.4123076923076983,0.6153846153856659,0.8548621190154614,1.0000000000065485,1.1636661211240518,1.1636661211240518,1.0
112,-0.2618657937806875,-0.2618657937806873,0.5495058190445544,0.4123076923076983,0.6153846153856659,0.8548621190154614,1.0000000000065485,1.1636661211240518,1.1636661211240518,1.0
113,-0.26186579378068753,-0.26186579378068736,0.5466985916981254,0.4123076923076983,0.6153846153856659,0.8548621190154614,1.0000000000065485,1.1636661211240518,1.1636661211240518,1.0
114,-0.26186579378068753,-0.26186579378068736,0.5445157792853997,0.4123076923076983,0.6153846153856659,0.8548621190154614,1.0000000000065485,1.1636661211240518,1.1636661211240518,1.0
115,-0.2618657937806875,-0.26186579378068736,0.540328405346689,0.4123076923076983,0.6153846153856659,0.8548621190154614,1.0000000000065485,1.1636661211240518,1.1636661211240518,1.0
116,-0.2618657937806875,-0.26186579378068736,0.540328405346689,0.4123076923076983,0.6153846153856659,0.8548621190154614,1.0000000000065485,1.1636661211240518,1.1636661211240518,1.0
117,-0.2618657937806875,-0.26186579378068736,0.540328405346689,0.4123076923076983,0.6153846153856659,0.8548621190154614,1.0000000000065485,1.1636661211240518,1.1636661211240518,1.0
118,-0.26186579378068753,-0.26186579378068736,0.5340537134185779,0.4123076923076983,0.6153846153856659,0.8548621190154614,1.0000000000065485,1.1636661211240518,1.1636661211240518,1.0
119,-0.26186579378068753,-0.26186579378068736,0.5340537134185779,0.4123076923076983,0.6153846153856659,0.8548621190154614,1.0000000000065485,1.1636661211240518,1.1636661211240518,1.0
120,-0.26186579378068753,-0.26186579378068736,0.527912432896616,0.4123076923076983,0.6153846153856659,0.8548621190154614,1.0000000000065485,1.1636661211240518,1.1636661211240518,1.0
121,-0.26186579378068753,-0.26186579378068736,0.527912432896616,0.4123076923076983,0.6153846153856659,0.8548621190154614,1.0000000000065485,1.1636661211240518,1.1636661211240518,1.0
122,-0.26186579378068753,-0.26186579378068736,0.527912432896616,0.4123076923076983,0.6153846153856659,0.8548621190154614,1.0000000000065485,1.1636661211240518,1.1636661211240518,1.0
123,-0.26186579378068753,-0.26186579378068736,0.5219127018537348,0.4123076923076983,0.6153846153856659,0.8548621190154614,1.0000000000065485,1.1636661211240518,1.1636661211240518,1.0
124,-0.26186579378068753,-0.26186579378068736,0.5219127018537348,0.4123076923076983,0.6153846153856659,0.8548621190154614,1.0000000000065485,1.1636661211240518,1.1636661211240518,1.0
125,-0.26186579378068753,-0.26186579378068736,0.5160494683549282,0.4123076923076983,0.6153846153856659,0.8548621190154614,1.0000000000065485,1.1636661211240518,1.1636661211240518,1.0
126,-0.26186579378068753,-0.26186579378068736,0.5160494683549282,0.4123076923076983,0.6153846153856659,0.8548621190154614,1.0000000000065485,1.1636661211240518,1.1636661211240518,1.0
127,-0.26186579378068753,-0.26186579378068736,0.5160494683549282,0.4123076923076983,0.6153846153856659,0.8548621190154614,1.0000000000065485,1.1636661211240518,1.1636661211240518,1.0
128,-0.26186579378068753,-0.2618657937806873,0.5103145380678147,0.4123076923076983,0.6153846153856659,0.8548621190154614,1.0000000000065485,1.1636661211240518,1.1636661211240518,1.0
129,-0.26186579378068753,-0.2618657937806873,0.5102750567964136,0.4123076923076983,0.6153846153856659,0.8548621190154614,1.0000000000065485,1.1636661211240518,1.1636661211240518,1.0
130,-0.26186579378068753,-0.2618657937806873,0.5102571292219351,0.4123076923076983,0.6153846153856659,0.8548621190154614,1.0000000000065485,1.1636661211240518,1.1636661211240518,1.0
131,-0.26186579378068753,-0.2618657937806873,0.5102586191926721,0.4123076923076983,0.6153846153856659,0.8548621190154614,1.0000000000065485,1.1636661211240518,1.1636661211240518,1.0
132,-0.26186579378068753,-0.2618657937806873,0.5102586191926721,0.4123076923076983,0.6153846153856659,0.8548621190154614,1.0000000000065485,1.1636661211240518,1.1636661211240518,1.0
133,-0.2618657937806876,-0.26186579378068736,0.5102589100721628,0.4123076923076983,0.6153846153856659,0.8548621190154614,1.0000000000065485,1.1636661211240518,1.1636661211240518,1.0
134,-0.2618657937806876,-0.26186579378068736,0.5102589100721628,0.4123076923076983,0.6153846153856659,0.8548621190154614,1.0000000000065485,1.1636661211240518,1.1636661211240518,1.0
135,-0.26186579378068764,-0.26186579378068736,0.5102582861265708,0.4123076923076983,0.6153846153856659,0.8548621190154614,1.0000000000065485,1.1636661211240518,1.1636661211240518,1.0
136,-0.26186579378068764,-0.26186579378068736,0.5102582861265708,0.4123076923076983,0.6153846153856659,0.8548621190154614,1.0000000000065485,1.1636661211240518,1.1636661211240518,1.0
137,-0.26186579378068764,-0.26186579378068736,0.5102582861265708,0.4123076923076983,0.6153846153856659,0.8548621190154614,1.0000000000065485,1.1636661211240518,1.1636661211240518,1.0
138,-0.26186579378068764,-0.26186579378068736,0.5102581638890082,0.4123076923076983,0.6153846153856659,0.8548621190154614,1.0000000000065485,1.1636661211240518,1.1636661211240518,1.0
139,-0.26186579378068764,-0.26186579378068736,0.5102581638890082,0.4123076923076983,0.6153846153856659,0.8548621190154614,1.0000000000065485,1.1636661211240518,1.1636661211240518,1.0
140,-0.26186579378068764,-0.26186579378068736,0.5102581638890082,0.4123076923076983,0.6153846153856659,0.8548621190154614,1.0000000000065485,1.1636661211240518,1.1636661211240518,1.0
141,-0.26186579378068764,-0.26186579378068736,0.5102582746025517,0.4123076923076983,0.6153846153856659,0.8548621190154614,1.0000000000065485,1.1636661211240518,1.1636661211240518,1.0
142,-0.26186579378068764,-0.26186579378068736,0.5102582746025517,0.4123076923076983,0.6153846153856659,0.8548621190154614,1.0000000000065485,1.1636661211240518,1.1636661211240518,1.0
143,-0.2618657937806876,-0.26186579378068736,0.5102583186714572,0.4123076923076983,0.6153846153856659,0.8548621190154614,1.0000000000065485,1.1636661211240518,1.1636661211240518,1.0
144,-0.2618657937806876,-0.26186579378068736,0.5102583186714572,0.4123076923076983,0.6153846153856659,0.8548621190154614,1.0000000000065485,1.1636661211240518,1.1636661211240518,1.0
145,-0.2618657937806875,-0.26186579378068736,0.5102583156033993,0.4123076923076983,0.6153846153856659,0.8548621190154614,1.0000000000065485,1.1636661211240518,1.1636661211240518,1.0
146,-0.2618657937806875,-0.26186579378068736,0.5102583156033993,0.4123076923076983,0.6153846153856659,0.8548621190154614,1.0000000000065485,1.1636661211240518,1.1636661211240518,1.0
147,-0.2618657937806875,-0.26186579378068736,0.5102583156033993,0.4123076923076983,0.6153846153856659,0.8548621190154614,1.0000000000065485,1.1636661211240518,1.1636661211240518,1.0
148,-0.2618657937806875,-0.26186579378068736,0.5102583106532136,0.4123076923076983,0.6153846153856659,0.8548621190154614,1.0000000000065485,1.1636661211240518,1.1636661211240518,1.0
149,-0.2618657937806875,-0.26186579378068736,0.5102583106532136,0.4123076923076983,0.6153846153856659,0.8548621190154614,1.0000000000065485,1.1636661211240518,1.1636661211240518,1.0
150,-0.2618657937806874,-0.2618657937806873,0.510258310359543,0.4123076923076983,0.6153846153856659,0.8548621190154614,1.0000000000065485,1.1636661211240518,1.1636661211240518,1.0
151,-0.2618657937806874,-0.2618657937806873,0.510258310359543,0.4123076923076983,0.6153846153856659,0.8548621190154614,1.0000000000065485,1.1636661211240518,1.1636661211240518,1.0
152,-0.2618657937806874,-0.2618657937806873,0.510258310359543,0.4123076923076983,0.6153846153856659,0.8548621190154614,1.0000000000065485,1.1636661211240518,1.1636661211240518,1.0
153,-0.2618657937806874,-0.2618657937806873,0.5102583109095564,0.4123076923076983,0.6153846153856659,0.8548621190154614,1.0000000000065485,1.1636661211240518,1.1636661211240518,1.0
154,-0.2618657937806874,-0.2618657937806873,0.5102583109095564,0.4123076923076983,0.6153846153856659,0.8548621190154614,1.0000000000065485,1.1636661211240518,1.1636661211240518,1.0
155,-0.26186579378068736,-0.26186579378068736,0.5102583109095564,0.4123076923076983,0.6153846153856659,0.8548621190154614,1.0000000000065485,1.1636661211240518,1.1636661211240518,1.0
156,-0.26186579378068736,-0.26186579378068736,0.5102583110345251,0.4123076923076983,0.6153846153856659,0.8548621190154614,1.0000000000065485,1.1636661211240518,1.1636661211240518,1.0
157,-0.26186579378068736,-0.26186579378068736,0.5102583110345251,0.4123076923076983,0.6153846153856659,0.8548621190154614,1.0000000000065485,1.1636661211240518,1.1636661211240518,1.0
158,-0.26186579378068736,-0.2618657937806874,0.510258310991866,0.4123076923076983,0.6153846153856659,0.8548621190154614,1.0000000000065485,1.1636661211240518,1.1636661211240518,1.0
159,-0.26186579378068736,-0.2618657937806874,0.510258310991866,0.4123076923076983,0.6153846153856659,0.8548621190154614,1.0000000000065485,1.1636661211240518,1.1636661211240518,1.0
160,-0.26186579378068736,-0.2618657937806874,0.5102583109711761,0.4123076923076983,0.6153846153856659,0.8548621190154614,1.0000000000065485,1.1636661211240518,1.1636661211240518,1.0
161,-0.2618657937806873,-0.2618657937806874,0.5102583109711761,0.4123076923076983,0.6153846153856659,0.8548621190154614,1.0000000000065485,1.1636661211240518,1.1636661211240518,1.0
162,-0.2618657937806873,-0.2618657937806874,0.5102583109711761,0.4123076923076983,0.6153846153856659,0.8548621190154614,1.0000000000065485,1.1636661211240518,1.1636661211240518,1.0
163,-0.26186579378068725,-0.2618657937806873,0.5102583109729938,0.4123076923076983,0.6153846153856659,0.8548621190154614,1.0000000000065485,1.1636661211240518,1.1636661211240518,1.0
164,-0.26186579378068725,-0.2618657937806873,0.5102583109729938,0.4123076923076983,0.6153846153856659,0.8548621190154614,1.0000000000065485,1.1636661211240518,1.1636661211240518,1.0
165,-0.2618657937806872,-0.2618657937806873,0.5102583109729938,0.4123076923076983,0.6153846153856659,0.8548621190154614,1.0000000000065485,1.1636661211240518,1.1636661211240518,1.0
166,-0.2618657937806872,-0.26186579378068736,0.510258310975693,0.4123076923076983,0.6153846153856659,0.8548621190154614,1.0000000000065485,1.1636661211240518,1.1636661211240518,1.0
167,-0.2618657937806872,-0.26186579378068736,0.510258310975693,0.4123076923076983,0.6153846153856659,0.8548621190154614,1.0000000000065485,1.1636661211240518,1.1636661211240518,1.0
168,-0.2618657937806872,-0.26186579378068736,0.5102583109759021,0.4123076923076983,0.6153846153856659,0.8548621190154614,1.0000000000065485,1.1636661211240518,1.1636661211240518,1.0
169,-0.2618657937806872,-0.26186579378068736,0.5102583109759021,0.4123076923076983,0.6153846153856659,0.8548621190154614,1.0000000000065485,1.1636661211240518,1.1636661211240518,1.0
170,-0.26186579378068714,-0.26186579378068736,0.5102583109756187,0.4123076923076983,0.6153846153856659,0.8548621190154614,1.0000000000065485,1.1636661211240518,1.1636661211240518,1.0
171,-0.26186579378068714,-0.26186579378068736,0.5102583109756187,0.4123076923076983,0.6153846153856659,0.8548621190154614,1.0000000000065485,1.1636661211240518,1.1636661211240518,1.0
172,-0.26186579378068714,-0.26186579378068736,0.5102583109756187,0.4123076923076983,0.6153846153856659,0.8548621190154614,1.0000000000065485,1.1636661211240518,1.1636661211240518,1.0
173,-0.26186579378068714,-0.26186579378068736,0.5102583109755492,0.4123076923076983,0.6153846153856659,0.8548621190154614,1.0000000000065485,1.1636661211240518,1.1636661211240518,1.0
174,-0.26186579378068714,-0.26186579378068736,0.5102583109755492,0.4123076923076983,0.6153846153856659,0.8548621190154614,1.0000000000065485,1.1636661211240518,1.1636661211240518,1.0
175,-0.2618657937806871,-0.2618657937806873,0.5102583109755715,0.4123076923076983,0.6153846153856659,0.8548621190154614,1.0000000000065485,1.1636661211240518,1.1636661211240518,1.0
176,-0.2618657937806871,-0.2618657937806873,0.5102583109755715,0.4123076923076983,0.6153846153856659,0.8548621190154614,1.0000000000065485,1.1636661211240518,1.1636661211240518,1.0
177,-0.2618657937806871,-0.2618657937806873,0.5102583109755715,0.4123076923076983,0.6153846153856659,0.8548621190154614,1.0000000000065485,1.1636661211240518,1.1636661211240518,1.0
178,-0.2618657937806871,-0.26186579378068725,0.5102583109755833,0.4123076923076983,0.6153846153856659,0.8548621190154614,1.0000000000065485,1.1636661211240518,1.1636661211240518,1.0
179,-0.2618657937806871,-0.26186579378068725,0.5102583109755833,0.4123076923076983,0.6153846153856659,0.8548621190154614,1.0000000000065485,1.1636661211240518,1.1636661211240518,1.0
180,-0.26186579378068714,-0.26186579378068714,0.5102583109755833,0.4123076923076983,0.6153846153856659,0.8548621190154614,1.0000000000065485,1.1636661211240518,1.1636661211240518,1.0
181,-0.26186579378068714,-0.26186579378068714,0.5102583109755828,0.4123076923076983,0.6153846153856659,0.8548621190154614,1.0000000000065485,1.1636661211240518,1.1636661211240518,1.0
182,-0.26186579378068714,-0.26186579378068714,0.5102583109755828,0.4123076923076983,0.6153846153856659,0.8548621190154614,1.0000000000065485,1.1636661211240518,1.1636661211240518,1.0
183,-0.26186579378068714,-0.2618657937806871,0.5102583109755814,0.4123076923076983,0.6153846153856659,0.8548621190154614,1.0000000000065485,1.1636661211240518,1.1636661211240518,1.0
184,-0.26186579378068714,-0.2618657937806871,0.5102583109755814,0.4123076923076983,0.6153846153856659,0.8548621190154614,1.0000000000065485,1.1636661211240518,1.1636661211240518,1.0
185,-0.26186579378068714,-0.2618657937806871,0.5102583109755813,0.4123076923076983,0.6153846153856659,0.8548621190154614,1.0000000000065485,1.1636661211240518,1.1636661211240518,1.0
186,-0.26186579378068714,-0.2618657937806871,0.5102583109755813,0.4123076923076983,0.6153846153856659,0.8548621190154614,1.0000000000065485,1.1636661211240518,1.1636661211240518,1.0
187,-0.26186579378068714,-0.2618657937806871,0.5102583109755813,0.4123076923076983,0.6153846153856659,0.8548621190154614,1.0000000000065485,1.1636661211240518,1.1636661211240518,1.0
188,-0.26186579378068714,-0.26186579378068703,0.5102583109755816,0.4123076923076983,0.6153846153856659,0.8548621190154614,1.0000000000065485,1.1636661211240518,1.1636661211240518,1.0
189,-0.26186579378068714,-0.26186579378068703,0.5102583109755816,0.4123076923076983,0.6153846153856659,0.8548621190154614,1.0000000000065485,1.1636661211240518,1.1636661211240518,1.0
190,-0.26186579378068714,-0.26186579378068703,0.5102583109755816,0.4123076923076983,0.6153846153856659,0.8548621190154614,1.0000000000065485,1.1636661211240518,1.1636661211240518,1.0
191,-0.26186579378068714,-0.26186579378068703,0.5102583109755815,0.4123076923076983,0.6153846153856659,0.8548621190154614,1.0000000000065485,1.1636661211240518,1.1636661211240518,1.0
192,-0.26186579378068714,-0.26186579378068703,0.5102583109755815,0.4123076923076983,0.6153846153856659,0.8548621190154614,1.0000000000065485,1.1636661211240518,1.1636661211240518,1.0
193,-0.2618657937806872,-0.261865793780687,0.5102583109755815,0.4123076923076983,0.6153846153856659,0.8548621190154614,1.0000000000065485,1.1636661211240518,1.1636661211240518,1.0
194,-0.2618657937806872,-0.261865793780687,0.5102583109755815,0.4123076923076983,0.6153846153856659,0.8548621190154614,1.0000000000065485,1.1636661211240518,1.1636661211240518,1.0
195,-0.2618657937806872,-0.2618657937806869,0.5102583109755818,0.4123076923076983,0.6153846153856659,0.8548621190154614,1.0000000000065485,1.1636661211240518,1.1636661211240518,1.0
196,-0.2618657937806872,-0.2618657937806869,0.5102583109755818,0.4123076923076983,0.6153846153856659,0.8548621190154614,1.0000000000065485,1.1636661211240518,1.1636661211240518,1.0
197,-0.2618657937806872,-0.2618657937806869,0.5102583109755818,0.4123076923076983,0.6153846153856659,0.8548621190154614,1.0000000000065485,1.1636661211240518,1.1636661211240518,1.0
198,-0.2618657937806872,-0.26186579378068686,0.5102583109755818,0.4123076923076983,0.6153846153856659,0.8548621190154614,1.0000000000065485,1.1636661211240518,1.1636661211240518,1.0
199,-0.2618657937806872,-0.26186579378068686,0.5102583109755818,0.4123076923076983,0.6153846153856659,0.8548621190154614,1.0000000000065485,1.1636661211240518,1.1636661211240518,1.0
200,0.0,0.8548621190130633,0.8548621190130633,0.8548621190130634,0.8548621190130634,0.8548621190130634,0.8548621190130634,1.0000000000009126,0.8548621190128977,2.0
201,0.8548621190131157,0.8548621190130637,0.8548621190130633,0.8548621190130634,0.8548621190130634,0.8548621190130634,0.8548621190130634,1.0000000000009126,0.8548621190128977,2.0
202,0.8548621190131157,0.8548621190130637,0.8548621190130633,0.8548621190130634,0.8548621190130634,0.8548621190130634,0.8701872270978765,0.9372105998445985,0.8548621190128977,2.0
203,0.8548621190130687,0.8548621190130637,0.8548621190130633,0.8548621190130634,0.8548621190130634,0.8548621190130634,0.968973191441246,0.8548621190128977,0.8548621190128977,2.0
204,0.8548621190130652,0.8548621190130634,0.8548621190130633,0.8548621190130634,0.8548621190130634,0.8548621190130634,1.0000000000009126,0.8548621190128977,0.8548621190128977,2.0
205,0.8548621190130639,0.8548621190130632,0.8548621190130633,0.8548621190130634,0.8548621190130634,0.8548621190130634,1.0000000000009126,0.8548621190128977,0.8548621190128977,2.0
206,0.8548621190130636,0.854862119013063,0.8548621190130633,0.8548621190130634,0.8548621190130634,0.8548621190130634,1.0000000000009126,0.8548621190128977,0.8548621190128977,2.0
207,0.8548621190130635,0.8548621190130636,0.8548621190130633,0.8548621190130634,0.8548621190130634,0.8548621190130634,1.0000000000009126,0.8548621190128977,0.8548621190128977,2.0
208,0.8548621190130635,0.8548621190130637,0.8548621190130633,0.8548621190130634,0.8548621190130634,0.8548621190130634,1.0000000000009126,0.8548621190128977,0.8548621190128977,2.0
209,0.8548621190130635,0.8548621190130636,0.8548621190130633,0.8548621190130634,0.8548621190130634,0.8548621190130634,1.0000000000009126,0.8548621190128977,0.8548621190128977,2.0
210,0.8548621190130635,0.8548621190130633,0.8548621190130633,0.8548621190130634,0.8548621190130634,0.8548621190130634,1.0000000000009126,0.8548621190128977,0.8548621190128977,2.0
211,0.8548621190130635,0.8548621190130631,0.8548621190130633,0.8548621190130634,0.8548621190130634,0.8548621190130634,1.0000000000009126,0.8548621190128977,0.8548621190128977,2.0
212,0.8548621190130634,0.8548621190130631,0.8548621190130633,0.8548621190130634,0.8548621190130634,0.8548621190130634,1.0000000000009126,0.8548621190128977,0.8548621190128977,2.0
213,0.8548621190130632,0.854862119013063,0.8548621190130633,0.8548621190130634,0.8548621190130634,0.8548621190130634,1.0000000000009126,0.8548621190128977,0.8548621190128977,2.0
214,0.8548621190130632,0.854862119013063,0.8548621190130633,0.8548621190130634,0.8548621190130634,0.8548621190130634,1.0000000000009126,0.8548621190128977,0.8548621190128977,2.0
215,0.8548621190130631,0.854862119013063,0.8548621190130633,0.8548621190130634,0.8548621190130634,0.8548621190130634,1.0000000000009126,0.8548621190128977,0.8548621190128977,2.0
216,0.8548621190130627,0.8548621190130629,0.8548621190130633,0.8548621190130634,0.8548621190130634,0.8548621190130634,1.0000000000009126,0.8548621190128977,0.8548621190128977,2.0
217,0.8548621190130627,0.8548621190130629,0.8548621190130633,0.8548621190130634,0.8548621190130634,0.8548621190130634,1.0000000000009126,0.8548621190128977,0.8548621190128977,2.0
218,0.8548621190130625,0.8548621190130629,0.8548621190130633,0.8548621190130634,0.8548621190130634,0.8548621190130634,1.0000000000009126,0.8548621190128977,0.8548621190128977,2.0
219,0.8548621190130625,0.8548621190130629,0.8548621190130633,0.8548621190130634,0.8548621190130634,0.8548621190130634,1.0000000000009126,0.8548621190128977,0.8548621190128977,2.0
220,0.8548621190130625,0.8548621190130629,0.8548621190130633,0.8548621190130634,0.8548621190130634,0.8548621190130634,1.0000000000009126,0.8548621190128977,0.8548621190128977,2.0
221,0.8548621190130625,0.8548621190130627,0.8548621190130633,0.8548621190130634,0.8548621190130634,0.8548621190130634,1.0000000000009126,0.8548621190128977,0.8548621190128977,2.0
222,0.8548621190130625,0.8548621190130627,0.8548621190130633,0.8548621190130634,0.8548621190130634,0.8548621190130634,1.0000000000009126,0.8548621190128977,0.8548621190128977,2.0
223,0.8548621190130623,0.8548621190130627,0.8548621190130633,0.8548621190130634,0.8548621190130634,0.8548621190130634,1.0000000000009126,0.8548621190128977,0.8548621190128977,2.0
224,0.8548621190130623,0.8548621190130627,0.8548621190130633,0.8548621190130634,0.8548621190130634,0.8548621190130634,1.0000000000009126,0.8548621190128977,0.8548621190128977,2.0
225,0.8548621190130623,0.8548621190130627,0.8548621190130634,0.8548621190130634,0.8548621190130634,0.8548621190130634,1.0000000000009126,0.8548621190128977,0.8548621190128977,2.0
226,0.8548621190130623,0.8548621190130627,0.8548621190130634,0.8548621190130634,0.8548621190130634,0.8548621190130634,1.0000000000009126,0.8548621190128977,0.8548621190128977,2.0
227,0.8548621190130623,0.8548621190130627,0.8548621190130634,0.8548621190130634,0.8548621190130634,0.8548621190130634,1.0000000000009126,0.8548621190128977,0.8548621190128977,2.0
228,0.8548621190130622,0.8548621190130629,0.8548621190130636,0.8548621190130634,0.8548621190130634,0.8548621190130634,1.0000000000009126,0.8548621190128977,0.8548621190128977,2.0
229,0.8548621190130622,0.8548621190130629,0.8548621190130639,0.8548621190130634,0.8548621190130634,0.8548621190130634,1.0000000000009126,0.8548621190128977,0.8548621190128977,2.0
230,0.8548621190130622,0.8548621190130629,0.8548621190130639,0.8548621190130634,0.8548621190130634,0.8548621190130634,1.0000000000009126,0.8548621190128977,0.8548621190128977,2.0
231,0.8548621190130621,0.8548621190130629,0.854862119013064,0.8548621190130634,0.8548621190130634,0.8548621190130634,1.0000000000009126,0.8548621190128977,0.8548621190128977,2.0
232,0.8548621190130621,0.8548621190130629,0.854862119013064,0.8548621190130634,0.8548621190130634,0.8548621190130634,1.0000000000009126,0.8548621190128977,0.8548621190128977,2.0
233,0.8548621190130622,0.8548621190130627,0.854862119013064,0.8548621190130634,0.8548621190130634,0.8548621190130634,1.0000000000009126,0.8548621190128977,0.8548621190128977,2.0
234,0.8548621190130622,0.8548621190130627,0.854862119013064,0.8548621190130634,0.8548621190130634,0.8548621190130634,1.0000000000009126,0.8548621190128977,0.8548621190128977,2.0
235,0.8548621190130621,0.8548621190130627,0.8548621190130641,0.8548621190130634,0.8548621190130634,0.8548621190130634,1.0000000000009126,0.8548621190128977,0.8548621190128977,2.0
236,0.8548621190130621,0.8548621190130627,0.8548621190130641,0.8548621190130634,0.8548621190130634,0.8548621190130634,1.0000000000009126,0.8548621190128977,0.8548621190128977,2.0
237,0.8548621190130621,0.8548621190130627,0.8548621190130641,0.8548621190130634,0.8548621190130634,0.8548621190130634,1.0000000000009126,0.8548621190128977,0.8548621190128977,2.0
238,0.854862119013062,0.8548621190130627,0.854862119013064,0.8548621190130634,0.8548621190130634,0.8548621190130634,1.0000000000009126,0.8548621190128977,0.8548621190128977,2.0
239,0.854862119013062,0.8548621190130627,0.854862119013064,0.8548621190130634,0.8548621190130634,0.8548621190130634,1.0000000000009126,0.8548621190128977,0.8548621190128977,2.0
240,0.8548621190130621,0.8548621190130627,0.854862119013064,0.8548621190130634,0.8548621190130634,0.8548621190130634,1.0000000000009126,0.8548621190128977,0.8548621190128977,2.0
241,0.8548621190130621,0.8548621190130626,0.8548621190130639,0.8548621190130634,0.8548621190130634,0.8548621190130634,1.0000000000009126,0.8548621190128977,0.8548621190128977,2.0
242,0.8548621190130621,0.8548621190130626,0.8548621190130639,0.8548621190130634,0.8548621190130634,0.8548621190130634,1.0000000000009126,0.8548621190128977,0.8548621190128977,2.0
243,0.8548621190130621,0.8548621190130625,0.8548621190130639,0.8548621190130634,0.8548621190130634,0.8548621190130634,1.0000000000009126,0.8548621190128977,0.8548621190128977,2.0
244,0.8548621190130621,0.8548621190130625,0.8548621190130639,0.8548621190130634,0.8548621190130634,0.8548621190130634,1.0000000000009126,0.8548621190128977,0.8548621190128977,2.0
245,0.8548621190130621,0.8548621190130625,0.8548621190130639,0.8548621190130634,0.8548621190130634,0.8548621190130634,1.0000000000009126,0.8548621190128977,0.8548621190128977,2.0
246,0.8548621190130621,0.8548621190130625,0.8548621190130639,0.8548621190130634,0.8548621190130634,0.8548621190130634,1.0000000000009126,0.8548621190128977,0.8548621190128977,2.0
247,0.8548621190130621,0.8548621190130625,0.8548621190130639,0.8548621190130634,0.8548621190130634,0.8548621190130634,1.0000000000009126,0.8548621190128977,0.8548621190128977,2.0
248,0.854862119013062,0.8548621190130625,0.8548621190130639,0.8548621190130634,0.8548621190130634,0.8548621190130634,1.0000000000009126,0.8548621190128977,0.8548621190128977,2.0
249,0.854862119013062,0.8548621190130625,0.8548621190130639,0.8548621190130634,0.8548621190130634,0.8548621190130634,1.0000000000009126,0.8548621190128977,0.8548621190128977,2.0
250,0.8548621190130621,0.8548621190130624,0.8548621190130637,0.8548621190130634,0.8548621190130634,0.8548621190130634,1.0000000000009126,0.8548621190128977,0.8548621190128977,2.0
251,0.8548621190130621,0.8548621190130624,0.8548621190130637,0.8548621190130634,0.8548621190130634,0.8548621190130634,1.0000000000009126,0.8548621190128977,0.8548621190128977,2.0
252,0.8548621190130621,0.8548621190130624,0.8548621190130637,0.8548621190130634,0.8548621190130634,0.8548621190130634,1.0000000000009126,0.8548621190128977,0.8548621190128977,2.0
253,0.8548621190130621,0.8548621190130625,0.8548621190130637,0.8548621190130634,0.8548621190130634,0.8548621190130634,1.0000000000009126,0.8548621190128977,0.8548621190128977,2.0
254,0.8548621190130621,0.8548621190130625,0.8548621190130637,0.8548621190130634,0.8548621190130634,0.8548621190130634,1.0000000000009126,0.8548621190128977,0.8548621190128977,2.0
255,0.8548621190130621,0.8548621190130625,0.8548621190130637,0.8548621190130634,0.8548621190130634,0.8548621190130634,1.0000000000009126,0.8548621190128977,0.8548621190128977,2.0
256,0.8548621190130621,0.8548621190130625,0.8548621190130637,0.8548621190130634,0.8548621190130634,0.8548621190130634,1.0000000000009126,0.8548621190128977,0.8548621190128977,2.0
257,0.8548621190130621,0.8548621190130625,0.8548621190130637,0.8548621190130634,0.8548621190130634,0.8548621190130634,1.0000000000009126,0.8548621190128977,0.8548621190128977,2.0
258,0.8548621190130622,0.8548621190130626,0.8548621190130637,0.8548621190130634,0.8548621190130634,0.8548621190130634,1.0000000000009126,0.8548621190128977,0.8548621190128977,2.0
259,0.8548621190130622,0.8548621190130626,0.8548621190130637,0.8548621190130634,0.8548621190130634,0.8548621190130634,1.0000000000009126,0.8548621190128977,0.8548621190128977,2.0
260,0.8548621190130622,0.8548621190130629,0.8548621190130637,0.8548621190130634,0.8548621190130634,0.8548621190130634,1.0000000000009126,0.8548621190128977,0.8548621190128977,2.0
261,0.8548621190130622,0.8548621190130629,0.8548621190130637,0.8548621190130634,0.8548621190130634,0.8548621190130634,1.0000000000009126,0.8548621190128977,0.8548621190128977,2.0
262,0.8548621190130622,0.8548621190130629,0.8548621190130637,0.8548621190130634,0.8548621190130634,0.8548621190130634,1.0000000000009126,0.8548621190128977,0.8548621190128977,2.0
263,0.8548621190130624,0.8548621190130627,0.8548621190130637,0.8548621190130634,0.8548621190130634,0.8548621190130634,1.0000000000009126,0.8548621190128977,0.8548621190128977,2.0
264,0.8548621190130624,0.8548621190130627,0.8548621190130637,0.8548621190130634,0.8548621190130634,0.8548621190130634,1.0000000000009126,0.8548621190128977,0.8548621190128977,2.0
265,0.8548621190130624,0.8548621190130627,0.8548621190130637,0.8548621190130634,0.8548621190130634,0.8548621190130634,1.0000000000009126,0.8548621190128977,0.8548621190128977,2.0
266,0.8548621190130624,0.8548621190130627,0.8548621190130637,0.8548621190130634,0.8548621190130634,0.8548621190130634,1.0000000000009126,0.8548621190128977,0.8548621190128977,2.0
267,0.8548621190130624,0.8548621190130627,0.8548621190130637,0.8548621190130634,0.8548621190130634,0.8548621190130634,1.0000000000009126,0.8548621190128977,0.8548621190128977,2.0
268,0.8548621190130624,0.8548621190130629,0.8548621190130637,0.8548621190130634,0.8548621190130634,0.8548621190130634,1.0000000000009126,0.8548621190128977,0.8548621190128977,2.0
269,0.8548621190130624,0.8548621190130629,0.8548621190130637,0.8548621190130634,0.8548621190130634,0.8548621190130634,1.0000000000009126,0.8548621190128977,0.8548621190128977,2.0
270,0.8548621190130624,0.854862119013063,0.8548621190130637,0.8548621190130634,0.8548621190130634,0.8548621190130634,1.0000000000009126,0.8548621190128977,0.8548621190128977,2.0
271,0.8548621190130624,0.854862119013063,0.8548621190130637,0.8548621190130634,0.8548621190130634,0.8548621190130634,1.0000000000009126,0.8548621190128977,0.8548621190128977,2.0
272,0.8548621190130624,0.854862119013063,0.8548621190130637,0.8548621190130634,0.8548621190130634,0.8548621190130634,1.0000000000009126,0.8548621190128977,0.8548621190128977,2.0
273,0.8548621190130623,0.8548621190130631,0.8548621190130639,0.8548621190130634,0.8548621190130634,0.8548621190130634,1.0000000000009126,0.8548621190128977,0.8548621190128977,2.0
274,0.8548621190130623,0.8548621190130631,0.8548621190130639,0.8548621190130634,0.8548621190130634,0.8548621190130634,1.0000000000009126,0.8548621190128977,0.8548621190128977,2.0
275,0.8548621190130623,0.8548621190130632,0.8548621190130639,0.8548621190130634,0.8548621190130634,0.8548621190130634,1.0000000000009126,0.8548621190128977,0.8548621190128977,2.0
276,0.8548621190130623,0.8548621190130632,0.8548621190130639,0.8548621190130634,0.8548621190130634,0.8548621190130634,1.0000000000009126,0.8548621190128977,0.8548621190128977,2.0
277,0.8548621190130623,0.8548621190130632,0.8548621190130639,0.8548621190130634,0.8548621190130634,0.8548621190130634,1.0000000000009126,0.8548621190128977,0.8548621190128977,2.0
278,0.8548621190130623,0.8548621190130633,0.8548621190130637,0.8548621190130634,0.8548621190130634,0.8548621190130634,1.0000000000009126,0.8548621190128977,0.8548621190128977,2.0
279,0.8548621190130623,0.8548621190130633,0.8548621190130637,0.8548621190130634,0.8548621190130634,0.8548621190130634,1.0000000000009126,0.8548621190128977,0.8548621190128977,2.0
280,0.8548621190130626,0.8548621190130633,0.8548621190130637,0.8548621190130634,0.8548621190130634,0.8548621190130634,1.0000000000009126,0.8548621190128977,0.8548621190128977,2.0
281,0.8548621190130626,0.8548621190130633,0.8548621190130635,0.8548621190130634,0.8548621190130634,0.8548621190130634,1.0000000000009126,0.8548621190128977,0.8548621190128977,2.0
282,0.8548621190130626,0.8548621190130633,0.8548621190130635,0.8548621190130634,0.8548621190130634,0.8548621190130634,1.0000000000009126,0.8548621190128977,0.8548621190128977,2.0
283,0.8548621190130627,0.8548621190130633,0.8548621190130635,0.8548621190130634,0.8548621190130634,0.8548621190130634,1.0000000000009126,0.8548621190128977,0.8548621190128977,2.0
284,0.8548621190130627,0.8548621190130633,0.8548621190130635,0.8548621190130634,0.8548621190130634,0.8548621190130634,1.0000000000009126,0.8548621190128977,0.8548621190128977,2.0
285,0.8548621190130627,0.8548621190130633,0.8548621190130636,0.8548621190130634,0.8548621190130634,0.8548621190130634,1.0000000000009126,0.8548621190128977,0.8548621190128977,2.0
286,0.8548621190130629,0.8548621190130633,0.8548621190130636,0.8548621190130634,0.8548621190130634,0.8548621190130634,1.0000000000009126,0.8548621190128977,0.8548621190128977,2.0
287,0.8548621190130629,0.8548621190130633,0.8548621190130636,0.8548621190130634,0.8548621190130634,0.8548621190130634,1.0000000000009126,0.8548621190128977,0.8548621190128977,2.0
288,0.8548621190130631,0.8548621190130632,0.8548621190130636,0.8548621190130634,0.8548621190130634,0.8548621190130634,1.0000000000009126,0.8548621190128977,0.8548621190128977,2.0
289,0.8548621190130631,0.8548621190130632,0.8548621190130636,0.8548621190130634,0.8548621190130634,0.8548621190130634,1.0000000000009126,0.8548621190128977,0.8548621190128977,2.0
290,0.8548621190130631,0.8548621190130632,0.8548621190130636,0.8548621190130634,0.8548621190130634,0.8548621190130634,1.0000000000009126,0.8548621190128977,0.8548621190128977,2.0
291,0.8548621190130631,0.8548621190130632,0.8548621190130636,0.8548621190130634,0.8548621190130634,0.8548621190130634,1.0000000000009126,0.8548621190128977,0.8548621190128977,2.0
292,0.8548621190130631,0.8548621190130632,0.8548621190130636,0.8548621190130634,0.8548621190130634,0.8548621190130634,1.0000000000009126,0.8548621190128977,0.8548621190128977,2.0
293,0.8548621190130631,0.8548621190130632,0.8548621190130639,0.8548621190130634,0.8548621190130634,0.8548621190130634,1.0000000000009126,0.8548621190128977,0.8548621190128977,2.0
294,0.8548621190130631,0.8548621190130632,0.8548621190130639,0.8548621190130634,0.8548621190130634,0.8548621190130634,1.0000000000009126,0.8548621190128977,0.8548621190128977,2.0
295,0.8548621190130631,0.8548621190130632,0.8548621190130636,0.8548621190130634,0.8548621190130634,0.8548621190130634,1.0000000000009126,0.8548621190128977,0.8548621190128977,2.0
296,0.8548621190130631,0.8548621190130632,0.8548621190130636,0.8548621190130634,0.8548621190130634,0.8548621190130634,1.0000000000009126,0.8548621190128977,0.8548621190128977,2.0
297,0.8548621190130631,0.8548621190130632,0.8548621190130636,0.8548621190130634,0.8548621190130634,0.8548621190130634,1.0000000000009126,0.8548621190128977,0.8548621190128977,2.0
298,0.8548621190130633,0.8548621190130632,0.8548621190130635,0.8548621190130634,0.8548621190130634,0.8548621190130634,1.0000000000009126,0.8548621190128977,0.8548621190128977,2.0
299,0.8548621190130633,0.8548621190130632,0.8548621190130635,0.8548621190130634,0.8548621190130634,0.8548621190130634,1.0000000000009126,0.8548621190128977,0.8548621190128977,2.0
300,0.0,8.425980651682576e-16,4.160201306443937e-16,-3.915510925589395e-13,-3.9155109255893975e-13,-7.402253789536345e-17,1.4255319149081032,1.000000000008596,1.425531914908111,3.0
301,-4.567243156254483e-18,8.349708610964626e-16,0.011795412691260833,-3.915510925589395e-13,-2.747185216984892e-09,0.45995089277834916,1.3690219935216854,1.000000000008596,1.425531914908111,3.0
302,1.6434875276311142e-12,8.256883797751584e-16,-4.4159064275982644e-13,-3.915510925589395e-13,-1.8746961265188067e-09,0.9240454647685216,1.2266428090116857,1.000000000008596,1.425531914908111,3.0
303,1.8425039981675145e-13,8.175991061462296e-16,-4.3967941034008487e-13,-3.9155109255893944e-13,-1.2290284530766317e-09,1.0010986540267148,1.043239267025673,1.005999896282223,1.425531914908111,3.0
304,5.910761050318758e-14,8.105827223090303e-16,-4.3741354601191234e-13,-3.9155109255893944e-13,-7.140822962488055e-10,1.0246129070574082,1.000000000008596,1.0313530372958992,1.425531914908111,3.0
305,3.254430744773367e-14,8.015057430434938e-16,-4.3547512938526767e-13,-3.9155109255893944e-13,-4.4131612610527976e-10,1.0518630582866613,1.000000000008596,1.0672852803036035,1.425531914908111,3.0
306,2.3807635205425405e-14,7.9441330073881e-16,-4.3397090547998995e-13,-3.9155109255893944e-13,-3.6469919081333506e-10,1.0832999243020478,1.000000000008596,1.1041971265388697,1.425531914908111,3.0
307,1.8547872016810483e-14,7.874025548859361e-16,-4.322181566343561e-13,-3.9155109255893944e-13,-2.411428195114175e-10,1.117165309349837,1.000000000008596,1.1379521705982674,1.425531914908111,3.0
308,1.513012704501519e-14,7.789103128086251e-16,-4.296987968585129e-13,-3.915510925589394e-13,-1.382287836913345e-10,1.1468908373998064,1.000000000008596,1.170742620536228,1.425531914908111,3.0
309,1.3065549821788324e-14,7.730255528877983e-16,-4.2803931867694807e-13,-3.915510925589394e-13,-9.89693128611259e-11,1.1705498712639184,1.000000000008596,1.1991699104113698,1.425531914908111,3.0
310,1.092018289774543e-14,7.642350737552579e-16,-4.245223265915751e-13,-3.915510925589393e-13,-9.89693128611259e-11,1.1964382353056628,1.000000000008596,1.2290138263272046,1.425531914908111,3.0
311,1.003199920157032e-14,7.573911872829092e-16,-4.245223265915751e-13,-3.915510925589393e-13,-3.975046164447587e-11,1.222283037038039,1.000000000008596,1.2581085842000124,1.425531914908111,3.0
312,8.763765864294678e-15,7.504353148204832e-16,-4.245223265915751e-13,-3.915510925589393e-13,-3.975046164447587e-11,1.2411168684644311,1.000000000008596,1.2760832765643597,1.425531914908111,3.0
313,8.19694526738497e-15,7.46870041404536e-16,-4.194690909459189e-13,-3.915510925589394e-13,-6.885075513899023e-12,1.2639801088502425,1.000000000008596,1.3010034959250465,1.425531914908111,3.0
314,7.42104192293222e-15,7.395619328361043e-16,-4.1713551965424747e-13,-3.915510925589394e-13,-6.885075513899023e-12,1.2827862177448892,1.000000000008596,1.3137109113582648,1.425531914908111,3.0
315,7.42104192293222e-15,7.395619328361043e-16,-4.1453474097596335e-13,-3.915510925589394e-13,-3.5089283477463825e-13,1.3016573385708974,1.000000000008596,1.3398759921180416,1.425531914908111,3.0
316,6.5608284475476484e-15,7.302766168010137e-16,-4.1453474097596335e-13,-3.9155109255893944e-13,-3.5089283477463825e-13,1.3016573385708974,1.000000000008596,1.3398759921180416,1.425531914908111,3.0
317,6.5608284475476484e-15,7.302766168010137e-16,-4.1453474097596335e-13,-3.9155109255893944e-13,-3.5089283477463825e-13,1.331458201494427,1.000000000008596,1.359289367886382,1.425531914908111,3.0
318,5.46917645960295e-15,7.144044886375492e-16,-4.097151299891482e-13,-3.915510925589395e-13,-2.2028149142257336e-13,1.3396813911473158,1.000000000008596,1.3770011989448574,1.425531914908111,3.0
319,5.46917645960295e-15,7.144044886375492e-16,-4.097151299891482e-13,-3.915510925589395e-13,-2.2028149142257336e-13,1.3539171277827717,1.000000000008596,1.3892571852365905,1.425531914908111,3.0
320,4.68898010302621e-15,7.144044886375492e-16,-4.0500630192353333e-13,-3.915510925589395e-13,-4.808002542559859e-13,1.3709179326299257,1.000000000008596,1.406256801155502,1.425531914908111,3.0
321,4.68898010302621e-15,6.992076265095433e-16,-4.0500630192353333e-13,-3.915510925589395e-13,-4.808002542559859e-13,1.3709179326299257,1.000000000008596,1.4134441264822242,1.425531914908111,3.0
322,4.68898010302621e-15,6.992076265095433e-16,-4.0500630192353333e-13,-3.915510925589395e-13,-4.808002542559859e-13,1.3861348192954046,1.000000000008596,1.4201607803805902,1.425531914908111,3.0
323,4.103589328615947e-15,6.846438350804756e-16,-4.004044805177438e-13,-3.915510925589395e-13,-3.7122324436532404e-13,1.396616848991366,1.000000000008596,1.425531914908111,1.425531914908111,3.0
324,4.103589328615947e-15,6.846438350804756e-16,-4.004044805177438e-13,-3.915510925589395e-13,-3.7122324436532404e-13,1.406251776489311,1.000000000008596,1.425531914908111,1.425531914908111,3.0
325,3.648141012454355e-15,6.7067436282827235e-16,-3.959060592109498e-13,-3.915510925589395e-13,-1.727366192067655e-13,1.4177399303025675,1.000000000008596,1.425531914908111,1.425531914908111,3.0
326,3.648141012454355e-15,6.7067436282827235e-16,-3.959060592109498e-13,-3.915510925589395e-13,-1.727366192067655e-13,1.4231473510045578,1.000000000008596,1.425531914908111,1.425531914908111,3.0
327,3.648141012454355e-15,6.7067436282827235e-16,-3.959060592109498e-13,-3.915510925589395e-13,-1.727366192067655e-13,1.4255319149081032,1.000000000008596,1.425531914908111,1.425531914908111,3.0
328,3.283691360860514e-15,6.572635577327259e-16,-3.9155109270217917e-13,-3.915510925589395e-13,-5.0214322000444324e-14,1.4255319149081032,1.000000000008596,1.425531914908111,1.425531914908111,3.0
329,3.283691360860514e-15,6.572635577327259e-16,-3.9155109254015466e-13,-3.915510925589395e-13,-5.0214322000444324e-14,1.4255319149081032,1.000000000008596,1.425531914908111,1.425531914908111,3.0
330,3.283691360860514e-15,6.443785634623334e-16,-3.9155109254015466e-13,-3.915510925589395e-13,-5.223239754460498e-15,1.4255319149081032,1.000000000008596,1.425531914908111,1.425531914908111,3.0
331,2.9854450973854445e-15,6.443785634623334e-16,-3.9155109256337105e-13,-3.915510925589395e-13,-5.223239754460498e-15,1.4255319149081032,1.000000000008596,1.425531914908111,1.425531914908111,3.0
332,2.9854450973854445e-15,6.443785634623334e-16,-3.9155109256337105e-13,-3.915510925589395e-13,-5.223239754460498e-15,1.4255319149081032,1.000000000008596,1.425531914908111,1.425531914908111,3.0
333,2.736865155887906e-15,6.319890506097601e-16,-3.915510925580652e-13,-3.915510925589395e-13,2.98449768511319e-15,1.4255319149081032,1.000000000008596,1.425531914908111,1.425531914908111,3.0
334,2.736865155887906e-15,6.319890506097601e-16,-3.915510925580652e-13,-3.915510925589395e-13,2.98449768511319e-15,1.4255319149081032,1.000000000008596,1.425531914908111,1.425531914908111,3.0
335,2.5264988871801506e-15,6.200669783477386e-16,-3.915510925655844e-13,-3.915510925589395e-13,2.98449768511319e-15,1.4255319149081032,1.000000000008596,1.425531914908111,1.425531914908111,3.0
336,2.5264988871801506e-15,6.200669783477386e-16,-3.915510925655844e-13,-3.915510925589395e-13,1.5137303788507493e-15,1.4255319149081032,1.000000000008596,1.425531914908111,1.425531914908111,3.0
337,2.5264988871801506e-15,6.200669783477386e-16,-3.915510925655844e-13,-3.915510925589395e-13,1.5137303788507493e-15,1.4255319149081032,1.000000000008596,1.425531914908111,1.425531914908111,3.0
338,2.34616349194959e-15,6.085863825627408e-16,-3.9155109255876087e-13,-3.9155109255893944e-13,-1.0469348722947145e-16,1.4255319149081032,1.000000000008596,1.425531914908111,1.425531914908111,3.0
339,2.34616349194959e-15,6.085863825627408e-16,-3.9155109255876087e-13,-3.9155109255893944e-13,-1.0469348722947145e-16,1.4255319149081032,1.000000000008596,1.425531914908111,1.425531914908111,3.0
340,2.1898567969496175e-15,6.085863825627408e-16,-3.9155109255876087e-13,-3.9155109255893944e-13,-4.683993149995937e-16,1.4255319149081032,1.000000000008596,1.425531914908111,1.425531914908111,3.0
341,2.1898567969496175e-15,5.975231870971392e-16,-3.9155109255873825e-13,-3.915510925589395e-13,-4.683993149995937e-16,1.4255319149081032,1.000000000008596,1.425531914908111,1.425531914908111,3.0
342,2.1898567969496175e-15,5.975231870971392e-16,-3.9155109255873825e-13,-3.915510925589395e-13,-4.683993149995937e-16,1.4255319149081032,1.000000000008596,1.425531914908111,1.425531914908111,3.0
343,2.0530762349914903e-15,5.868550352118127e-16,-3.915510925589078e-13,-3.9155109255893954e-13,-3.1510170549283545e-16,1.4255319149081032,1.000000000008596,1.425531914908111,1.425531914908111,3.0
344,2.0530762349914903e-15,5.868550352118127e-16,-3.915510925589078e-13,-3.9155109255893954e-13,-3.1510170549283545e-16,1.4255319149081032,1.000000000008596,1.425531914908111,1.425531914908111,3.0
345,1.932378043633966e-15,5.868550352118127e-16,-3.9155109255893243e-13,-3.9155109255893944e-13,-1.0550103622511944e-16,1.4255319149081032,1.000000000008596,1.425531914908111,1.425531914908111,3.0
346,1.932378043633966e-15,5.765611387864168e-16,-3.9155109255893243e-13,-3.9155109255893944e-13,-1.0550103622511944e-16,1.4255319149081032,1.000000000008596,1.425531914908111,1.425531914908111,3.0
347,1.932378043633966e-15,5.765611387864168e-16,-3.9155109255893243e-13,-3.9155109255893944e-13,-1.0550103622511944e-16,1.4255319149081032,1.000000000008596,1.425531914908111,1.425531914908111,3.0
348,1.82508331605851e-15,5.666221431169388e-16,-3.9155109255893944e-13,-3.9155109255893944e-13,-8.198095970774622e-18,1.4255319149081032,1.000000000008596,1.425531914908111,1.425531914908111,3.0
349,1.82508331605851e-15,5.666221431169388e-16,-3.9155109255893944e-13,-3.9155109255893944e-13,-8.198095970774622e-18,1.4255319149081032,1.000000000008596,1.425531914908111,1.425531914908111,3.0
350,1.7290768291538014e-15,5.570200054603224e-16,-3.915510925589404e-13,-3.9155109255893944e-13,-4.869820992781376e-17,1.4255319149081032,1.000000000008596,1.425531914908111,1.425531914908111,3.0
351,1.7290768291538014e-15,5.570200054603224e-16,-3.915510925589404e-13,-3.9155109255893944e-13,-4.869820992781376e-17,1.4255319149081032,1.000000000008596,1.425531914908111,1.425531914908111,3.0
352,1.7290768291538014e-15,5.570200054603224e-16,-3.915510925589404e-13,-3.9155109255893944e-13,-4.869820992781376e-17,1.4255319149081032,1.000000000008596,1.425531914908111,1.425531914908111,3.0
353,1.6426661930141811e-15,5.477378857226065e-16,-3.9155109255894e-13,-3.9155109255893944e-13,-1.260631333450184e-17,1.4255319149081032,1.000000000008596,1.425531914908111,1.425531914908111,3.0
354,1.6426661930141811e-15,5.477378857226065e-16,-3.9155109255894e-13,-3.9155109255893944e-13,-1.260631333450184e-17,1.4255319149081032,1.000000000008596,1.425531914908111,1.425531914908111,3.0
355,1.56448122428433e-15,5.387600478972894e-16,-3.9155109255894e-13,-3.9155109255893944e-13,4.465897456949203e-17,1.4255319149081032,1.000000000008596,1.425531914908111,1.425531914908111,3.0
356,1.56448122428433e-15,5.387600478972894e-16,-3.915510925589397e-13,-3.9155109255893944e-13,4.465897456949203e-17,1.4255319149081032,1.000000000008596,1.425531914908111,1.425531914908111,3.0
357,1.56448122428433e-15,5.387600478972894e-16,-3.915510925589397e-13,-3.9155109255893944e-13,4.465897456949203e-17,1.4255319149081032,1.000000000008596,1.425531914908111,1.425531914908111,3.0
358,1.4934007506685036e-15,5.300717710403744e-16,-3.9155109255893965e-13,-3.9155109255893944e-13,6.474427671951364e-17,1.4255319149081032,1.000000000008596,1.425531914908111,1.425531914908111,3.0
359,1.4934007506685036e-15,5.300717710403744e-16,-3.9155109255893965e-13,-3.9155109255893944e-13,6.474427671951364e-17,1.4255319149081032,1.000000000008596,1.425531914908111,1.425531914908111,3.0
360,1.4934007506685036e-15,5.21659268722641e-16,-3.915510925589396e-13,-3.9155109255893944e-13,6.474427671951364e-17,1.4255319149081032,1.000000000008596,1.425531914908111,1.425531914908111,3.0
361,1.4284985016172866e-15,5.21659268722641e-16,-3.915510925589396e-13,-3.9155109255893944e-13,3.556134504834217e-17,1.4255319149081032,1.000000000008596,1.425531914908111,1.425531914908111,3.0
362,1.4284985016172866e-15,5.21659268722641e-16,-3.915510925589396e-13,-3.9155109255893944e-13,3.556134504834217e-17,1.4255319149081032,1.000000000008596,1.425531914908111,1.425531914908111,3.0
363,1.369002520708612e-15,5.135096160320826e-16,-3.915510925589396e-13,-3.9155109255893944e-13,-3.8406965321890325e-17,1.4255319149081032,1.000000000008596,1.425531914908111,1.425531914908111,3.0
364,1.369002520708612e-15,5.135096160320826e-16,-3.915510925589396e-13,-3.9155109255893944e-13,-3.8406965321890325e-17,1.4255319149081032,1.000000000008596,1.425531914908111,1.425531914908111,3.0
365,1.314264315162486e-15,5.135096160320826e-16,-3.915510925589396e-13,-3.9155109255893944e-13,-8.510838993262394e-17,1.4255319149081032,1.000000000008596,1.425531914908111,1.425531914908111,3.0
366,1.314264315162486e-15,5.056106833135456e-16,-3.915510925589396e-13,-3.9155109255893944e-13,-8.510838993262394e-17,1.4255319149081032,1.000000000008596,1.425531914908111,1.425531914908111,3.0
367,1.314264315162486e-15,5.056106833135456e-16,-3.915510925589396e-13,-3.9155109255893944e-13,-8.510838993262394e-17,1.4255319149081032,1.000000000008596,1.425531914908111,1.425531914908111,3.0
368,1.2637351219613139e-15,4.979510759311255e-16,-3.915510925589396e-13,-3.9155109255893954e-13,-9.44699639963962e-17,1.4255319149081032,1.000000000008596,1.425531914908111,1.425531914908111,3.0
369,1.2637351219613139e-15,4.979510759311255e-16,-3.915510925589396e-13,-3.9155109255893954e-13,-9.44699639963962e-17,1.4255319149081032,1.000000000008596,1.425531914908111,1.425531914908111,3.0
370,1.2169474462130234e-15,4.905200794241693e-16,-3.915510925589396e-13,-3.915510925589396e-13,-7.170005188205355e-17,1.4255319149081032,1.000000000008596,1.425531914908111,1.425531914908111,3.0
371,1.2169474462130234e-15,4.905200794241693e-16,-3.915510925589396e-13,-3.915510925589396e-13,-7.170005188205355e-17,1.4255319149081032,1.000000000008596,1.425531914908111,1.425531914908111,3.0
372,1.2169474462130234e-15,4.905200794241693e-16,-3.915510925589396e-13,-3.915510925589396e-13,-7.170005188205355e-17,1.4255319149081032,1.000000000008596,1.425531914908111,1.425531914908111,3.0
373,1.1735005541668603e-15,4.833076095017436e-16,-3.9155109255893954e-13,-3.915510925589396e-13,-5.889263269325672e-17,1.4255319149081032,1.000000000008596,1.425531914908111,1.425531914908111,3.0
374,1.1735005541668603e-15,4.833076095017436e-16,-3.9155109255893954e-13,-3.915510925589396e-13,-5.889263269325672e-17,1.4255319149081032,1.000000000008596,1.425531914908111,1.425531914908111,3.0
375,1.1330489666395639e-15,4.763041663847788e-16,-3.9155109255893954e-13,-3.915510925589396e-13,-6.452822429536529e-17,1.4255319149081032,1.000000000008596,1.425531914908111,1.425531914908111,3.0
376,1.1330489666395639e-15,4.763041663847788e-16,-3.9155109255893954e-13,-3.915510925589396e-13,-6.452822429536529e-17,1.4255319149081032,1.000000000008596,1.425531914908111,1.425531914908111,3.0
377,1.1330489666395639e-15,4.763041663847788e-16,-3.9155109255893954e-13,-3.915510925589396e-13,-6.452822429536529e-17,1.4255319149081032,1.000000000008596,1.425531914908111,1.425531914908111,3.0
378,1.0952932529894615e-15,4.695007930611853e-16,-3.9155109255893944e-13,-3.915510925589396e-13,-3.01558213654733e-17,1.4255319149081032,1.000000000008596,1.425531914908111,1.425531914908111,3.0
379,1.0952932529894615e-15,4.695007930611853e-16,-3.9155109255893944e-13,-3.915510925589396e-13,-3.01558213654733e-17,1.4255319149081032,1.000000000008596,1.425531914908111,1.425531914908111,3.0
380,1.0599726063274343e-15,4.628890370682098e-16,-3.9155109255893944e-13,-3.915510925589396e-13,-3.01558213654733e-17,1.4255319149081032,1.000000000008596,1.425531914908111,1.425531914908111,3.0
381,1.0599726063274343e-15,4.628890370682098e-16,-3.915510925589394e-13,-3.9155109255893954e-13,3.443668078766383e-17,1.4255319149081032,1.000000000008596,1.425531914908111,1.425531914908111,3.0
382,1.0599726063274343e-15,4.628890370682098e-16,-3.915510925589394e-13,-3.9155109255893954e-13,3.443668078766383e-17,1.4255319149081032,1.000000000008596,1.425531914908111,1.425531914908111,3.0
383,1.0268588104409164e-15,4.564609154591525e-16,-3.915510925589394e-13,-3.9155109255893954e-13,2.858239569225046e-17,1.4255319149081032,1.000000000008596,1.425531914908111,1.425531914908111,3.0
384,1.0268588104409164e-15,4.564609154591525e-16,-3.915510925589394e-13,-3.9155109255893954e-13,2.858239569225046e-17,1.4255319149081032,1.000000000008596,1.425531914908111,1.425531914908111,3.0
385,1.0268588104409164e-15,4.50208882649138e-16,-3.915510925589395e-13,-3.9155109255893954e-13,2.858239569225046e-17,1.4255319149081032,1.000000000008596,1.425531914908111,1.425531914908111,3.0
386,9.957513033085044e-16,4.50208882649138e-16,-3.915510925589395e-13,-3.9155109255893954e-13,2.8095576940991954e-17,1.4255319149081032,1.000000000008596,1.425531914908111,1.425531914908111,3.0
387,9.957513033085044e-16,4.50208882649138e-16,-3.915510925589395e-13,-3.9155109255893954e-13,2.8095576940991954e-17,1.4255319149081032,1.000000000008596,1.425531914908111,1.425531914908111,3.0
388,9.664731115029028e-16,4.441258008676335e-16,-3.9155109255893954e-13,-3.9155109255893954e-13,2.999475037179912e-17,1.4255319149081032,1.000000000008596,1.425531914908111,1.425531914908111,3.0
389,9.664731115029028e-16,4.441258008676335e-16,-3.9155109255893954e-13,-3.9155109255893954e-13,2.999475037179912e-17,1.4255319149081032,1.000000000008596,1.425531914908111,1.425531914908111,3.0
390,9.38867481354291e-16,4.441258008676335e-16,-3.9155109255893954e-13,-3.9155109255893954e-13,6.117110790286476e-18,1.4255319149081032,1.000000000008596,1.425531914908111,1.425531914908111,3.0
391,9.38867481354291e-16,4.382049129744508e-16,-3.9155109255893954e-13,-3.9155109255893954e-13,6.117110790286476e-18,1.4255319149081032,1.000000000008596,1.425531914908111,1.425531914908111,3.0
392,9.38867481354291e-16,4.382049129744508e-16,-3.9155109255893954e-13,-3.9155109255893954e-13,6.117110790286476e-18,1.4255319149081032,1.000000000008596,1.425531914908111,1.425531914908111,3.0
393,9.127950714305396e-16,4.3243981742157023e-16,-3.9155109255893954e-13,-3.9155109255893954e-13,-1.6953304142397635e-17,1.4255319149081032,1.000000000008596,1.425531914908111,1.425531914908111,3.0
394,9.127950714305396e-16,4.3243981742157023e-16,-3.9155109255893954e-13,-3.9155109255893954e-13,-1.6953304142397635e-17,1.4255319149081032,1.000000000008596,1.425531914908111,1.425531914908111,3.0
395,8.881316001678932e-16,4.2682444516573883e-16,-3.915510925589395e-13,-3.9155109255893965e-13,-4.2372911823900307e-17,1.4255319149081032,1.000000000008596,1.425531914908111,1.425531914908111,3.0
396,8.881316001678932e-16,4.2682444516573883e-16,-3.915510925589395e-13,-3.9155109255893965e-13,-4.2372911823900307e-17,1.4255319149081032,1.000000000008596,1.425531914908111,1.425531914908111,3.0
397,8.881316001678932e-16,4.2682444516573883e-16,-3.915510925589395e-13,-3.9155109255893965e-13,-4.2372911823900307e-17,1.4255319149081032,1.000000000008596,1.425531914908111,1.425531914908111,3.0
398,8.647658648306689e-16,4.2135303835679453e-16,-3.915510925589395e-13,-3.915510925589397e-13,-1.0019737023784575e-16,1.4255319149081032,1.000000000008596,1.425531914908111,1.425531914908111,3.0
399,8.647658648306689e-16,4.2135303835679453e-16,-3.915510925589395e-13,-3.915510925589397e-13,-1.0019737023784575e-16,1.4255319149081032,1.000000000008596,1.425531914908111,1.425531914908111,3.0
400,0.0,0.0,0.0,0.4123076923081417,0.4123076923081417,0.4123076923081417,0.4123076923081417,0.4123076923081417,-8.138209035491437e-25,4.0
401,0.0,0.0,0.011793115133450846,0.4123076923081417,0.4123076923081417,0.4123076923081417,0.4123076923081417,0.4123076923081417,-8.138209035491437e-25,4.0
402,0.0,0.0,0.2341761054472963,0.4123076923081417,0.4123076923081417,0.4123076923081417,0.4123076923081417,0.2855350850455098,-8.138209035491437e-25,4.0
403,0.0,0.0,0.4123076923081969,0.4123076923081417,0.4123076923081417,0.4123076923081417,0.4123076923081417,0.14534544796447893,-9.819578386810098e-25,4.0
404,0.0,0.0,0.41230769230819525,0.4123076923081417,0.4123076923081417,0.4123076923081417,0.4123076923081417,0.06511239911439666,-9.819578386810098e-25,4.0
405,0.0,0.0,0.4123076923081923,0.4123076923081417,0.4123076923081417,0.4123076923081417,0.4123076923081417,0.032759659750267615,-6.067463290378819e-26,4.0
406,0.0,0.0,0.4123076923081913,0.4123076923081417,0.4123076923081417,0.4123076923081417,0.4123076923081417,0.013529047348982793,-6.067463290378819e-26,4.0
407,0.0,0.0,0.4123076923081892,0.4123076923081417,0.4123076923081417,0.4123076923081417,0.4123076923081417,0.006300341230346833,-6.067463290378819e-26,4.0
408,0.0,0.0,0.41230769230818604,0.4123076923081417,0.4123076923081417,0.4123076923081417,0.4123076923081417,0.002877583205608397,1.0365981226850024e-25,4.0
409,0.0,0.0,0.41230769230818454,0.4123076923081417,0.4123076923081417,0.4123076923081417,0.4123076923081417,0.0012091008081219468,1.0365981226850024e-25,4.0
410,0.0,0.0,0.41230769230818004,0.4123076923081417,0.4123076923081417,0.4123076923081417,0.4123076923081417,0.0004910985119449746,2.3304322808737203e-26,4.0
411,0.0,0.0,0.41230769230818004,0.4123076923081417,0.4123076923081417,0.4123076923081417,0.4123076923081417,0.0001656004072714119,2.3304322808737203e-26,4.0
412,0.0,0.0,0.41230769230818004,0.4123076923081417,0.4123076923081417,0.4123076923081417,0.4123076923081417,2.4386992580702814e-05,2.3304322808737203e-26,4.0
413,0.0,0.0,0.41230769230817416,0.4123076923081417,0.4123076923081417,0.4123076923081417,0.4123076923081417,2.6286637217405845e-06,-8.283934035508456e-27,4.0
414,0.0,0.0,0.41230769230817416,0.4123076923081417,0.4123076923081417,0.4123076923081417,0.4123076923081417,2.016897779943654e-07,-8.283934035508456e-27,4.0
415,0.0,0.0,0.41230769230816844,0.4123076923081417,0.4123076923081417,0.4123076923081417,0.4123076923081417,4.523943518739466e-08,-3.990021811827145e-27,4.0
416,0.0,0.0,0.41230769230816844,0.4123076923081417,0.4123076923081417,0.4123076923081417,0.4123076923081417,4.523943518739466e-08,-3.990021811827145e-27,4.0
417,0.0,0.0,0.41230769230816844,0.4123076923081417,0.4123076923081417,0.4123076923081417,0.4123076923081417,1.953134229545879e-08,-3.990021811827145e-27,4.0
418,0.0,0.0,0.41230769230816283,0.4123076923081417,0.4123076923081417,0.4123076923081417,0.4123076923081417,3.499605876316181e-09,3.2724990677058386e-28,4.0
419,0.0,0.0,0.41230769230816283,0.4123076923081417,0.4123076923081417,0.4123076923081417,0.4123076923081417,3.499605876316181e-09,3.2724990677058386e-28,4.0
420,0.0,0.0,0.41230769230815745,0.4123076923081417,0.4123076923081417,0.4123076923081417,0.4123076923081417,-1.9313531428176703e-09,3.2724990677058386e-28,4.0
421,0.0,0.0,0.41230769230815745,0.4123076923081417,0.4123076923081417,0.4123076923081417,0.4123076923081417,-1.9313531428176703e-09,5.114820742719493e-28,4.0
422,0.0,0.0,0.41230769230815745,0.4123076923081417,0.4123076923081417,0.4123076923081417,0.4123076923081417,-1.9313531428176703e-09,5.114820742719493e-28,4.0
423,0.0,0.0,0.41230769230815223,0.4123076923081417,0.4123076923081417,0.4123076923081417,0.4123076923081417,-9.593694010277946e-11,4.274697863541236e-29,4.0
424,0.0,0.0,0.41230769230815223,0.4123076923081417,0.4123076923081417,0.4123076923081417,0.4123076923081417,-9.593694010277946e-11,4.274697863541236e-29,4.0
425,0.0,0.0,0.41230769230814707,0.4123076923081417,0.4123076923081417,0.4123076923081417,0.4123076923081417,3.3946359789789883e-10,-5.224114582521131e-29,4.0
426,0.0,0.0,0.41230769230814707,0.4123076923081417,0.4123076923081417,0.4123076923081417,0.4123076923081417,3.3946359789789883e-10,-5.224114582521131e-29,4.0
427,0.0,0.0,0.41230769230814707,0.4123076923081417,0.4123076923081417,0.4123076923081417,0.4123076923081417,3.3946359789789883e-10,-5.224114582521131e-29,4.0
428,0.0,0.0,0.4123076923081421,0.4123076923081417,0.4123076923081417,0.4123076923081417,0.4123076923081417,9.292564486125128e-11,-1.3147523906691044e-29,4.0
429,0.0,0.0,0.41230769230814207,0.4123076923081417,0.4123076923081417,0.4123076923081417,0.4123076923081417,9.292564486125128e-11,-1.3147523906691044e-29,4.0
430,0.0,0.0,0.41230769230814207,0.4123076923081417,0.4123076923081417,0.4123076923081417,0.4123076923081417,9.292564486125128e-11,3.95410381198462e-30,4.0
431,0.0,0.0,0.41230769230814207,0.4123076923081417,0.4123076923081417,0.4123076923081417,0.4123076923081417,-1.837594337223319e-11,3.95410381198462e-30,4.0
432,0.0,0.0,0.41230769230814207,0.4123076923081417,0.4123076923081417,0.4123076923081417,0.4123076923081417,-1.837594337223319e-11,3.95410381198462e-30,4.0
433,0.0,0.0,0.41230769230814207,0.4123076923081417,0.4123076923081417,0.4123076923081417,0.4123076923081417,-1.2279816133465287e-11,2.137847901726513e-30,4.0
434,0.0,0.0,0.41230769230814207,0.4123076923081417,0.4123076923081417,0.4123076923081417,0.4123076923081417,-1.2279816133465287e-11,2.137847901726513e-30,4.0
435,0.0,0.0,0.412307692308142,0.4123076923081417,0.4123076923081417,0.4123076923081417,0.4123076923081417,-1.2279816133465287e-11,-1.194935792282952e-31,4.0
436,0.0,0.0,0.412307692308142,0.4123076923081417,0.4123076923081417,0.4123076923081417,0.4123076923081417,4.721630821013899e-13,-1.194935792282952e-31,4.0
437,0.0,0.0,0.412307692308142,0.4123076923081417,0.4123076923081417,0.4123076923081417,0.4123076923081417,4.721630821013899e-13,-1.194935792282952e-31,4.0
438,0.0,0.0,0.412307692308142,0.4123076923081417,0.4123076923081417,0.4123076923081417,0.4123076923081417,1.551621604002728e-12,-2.652647160804342e-31,4.0
439,0.0,0.0,0.412307692308142,0.4123076923081417,0.4123076923081417,0.4123076923081417,0.4123076923081417,1.551621604002728e-12,-2.652647160804342e-31,4.0
440,0.0,0.0,0.412307692308142,0.4123076923081417,0.4123076923081417,0.4123076923081417,0.4123076923081417,2.0298988935322762e-13,-2.795963583470384e-32,4.0
441,0.0,0.0,0.41230769230814207,0.4123076923081417,0.4123076923081417,0.4123076923081417,0.4123076923081417,2.0298988935322762e-13,-2.795963583470384e-32,4.0
442,0.0,0.0,0.41230769230814207,0.4123076923081417,0.4123076923081417,0.4123076923081417,0.4123076923081417,2.0298988935322762e-13,-2.795963583470384e-32,4.0
443,0.0,0.0,0.41230769230814207,0.4123076923081417,0.4123076923081417,0.4123076923081417,0.4123076923081417,-1.440738820149135e-13,2.6182285449668376e-32,4.0
444,0.0,0.0,0.41230769230814207,0.4123076923081417,0.4123076923081417,0.4123076923081417,0.4123076923081417,-1.440738820149135e-13,2.6182285449668376e-32,4.0
445,0.0,0.0,0.4123076923081421,0.4123076923081417,0.4123076923081417,0.4123076923081417,0.4123076923081417,-4.5450916668304345e-14,2.6182285449668376e-32,4.0
446,0.0,0.0,0.4123076923081421,0.4123076923081417,0.4123076923081417,0.4123076923081417,0.4123076923081417,-4.5450916668304345e-14,7.342762635973226e-33,4.0
447,0.0,0.0,0.4123076923081421,0.4123076923081417,0.4123076923081417,0.4123076923081417,0.4123076923081417,-4.5450916668304345e-14,7.342762635973226e-33,4.0
448,0.0,0.0,0.412307692308142,0.4123076923081417,0.4123076923081417,0.4123076923081417,0.4123076923081417,9.592196661519971e-15,-1.8631753120702217e-33,4.0
449,0.0,0.0,0.412307692308142,0.4123076923081417,0.4123076923081417,0.4123076923081417,0.4123076923081417,9.592196661519971e-15,-1.8631753120702217e-33,4.0
450,0.0,0.0,0.4123076923081419,0.4123076923081417,0.4123076923081417,0.4123076923081417,0.4123076923081417,6.777859774777177e-15,-1.1396621877893226e-33,4.0
451,0.0,0.0,0.4123076923081419,0.4123076923081417,0.4123076923081417,0.4123076923081417,0.4123076923081417,6.777859774777177e-15,-1.1396621877893226e-33,4.0
452,0.0,0.0,0.4123076923081419,0.4123076923081417,0.4123076923081417,0.4123076923081417,0.4123076923081417,6.777859774777177e-15,-1.1396621877893226e-33,4.0
453,0.0,0.0,0.4123076923081419,0.4123076923081417,0.4123076923081417,0.4123076923081417,0.4123076923081417,-3.3233367133690026e-17,3.548875994083964e-35,4.0
454,0.0,0.0,0.4123076923081419,0.4123076923081417,0.4123076923081417,0.4123076923081417,0.4123076923081417,-3.3233367133690026e-17,3.548875994083964e-35,4.0
455,0.0,0.0,0.4123076923081419,0.4123076923081417,0.4123076923081417,0.4123076923081417,0.4123076923081417,-3.3233367133690026e-17,1.3697084110312977e-34,4.0
456,0.0,0.0,0.4123076923081419,0.4123076923081417,0.4123076923081417,0.4123076923081417,0.4123076923081417,-7.852809597626265e-16,1.3697084110312977e-34,4.0
457,0.0,0.0,0.4123076923081419,0.4123076923081417,0.4123076923081417,0.4123076923081417,0.4123076923081417,-7.852809597626265e-16,1.3697084110312977e-34,4.0
458,0.0,0.0,0.4123076923081419,0.4123076923081417,0.4123076923081417,0.4123076923081417,0.4123076923081417,-1.19432050598385e-16,1.7459029122228576e-35,4.0
459,0.0,0.0,0.4123076923081419,0.4123076923081417,0.4123076923081417,0.4123076923081417,0.4123076923081417,-1.19432050598385e-16,1.7459029122228576e-35,4.0
460,0.0,0.0,0.4123076923081419,0.4123076923081417,0.4123076923081417,0.4123076923081417,0.4123076923081417,-1.19432050598385e-16,-1.3043905681785117e-35,4.0
461,0.0,0.0,0.4123076923081419,0.4123076923081417,0.4123076923081417,0.4123076923081417,0.4123076923081417,7.180346012091528e-17,-1.3043905681785117e-35,4.0
462,0.0,0.0,0.4123076923081419,0.4123076923081417,0.4123076923081417,0.4123076923081417,0.4123076923081417,7.180346012091528e-17,-1.3043905681785117e-35,4.0
463,0.0,0.0,0.4123076923081419,0.4123076923081417,0.4123076923081417,0.4123076923081417,0.4123076923081417,2.5079557145705153e-17,-4.0650538994055615e-36,4.0
464,0.0,0.0,0.4123076923081419,0.4123076923081417,0.4123076923081417,0.4123076923081417,0.4123076923081417,2.5079557145705153e-17,-4.0650538994055615e-36,4.0
465,0.0,0.0,0.4123076923081419,0.4123076923081417,0.4123076923081417,0.4123076923081417,0.4123076923081417,-4.329128469079331e-18,8.64203170553187e-37,4.0
466,0.0,0.0,0.41230769230814196,0.4123076923081417,0.4123076923081417,0.4123076923081417,0.4123076923081417,-4.329128469079331e-18,8.64203170553187e-37,4.0
467,0.0,0.0,0.41230769230814196,0.4123076923081417,0.4123076923081417,0.4123076923081417,0.4123076923081417,-4.329128469079331e-18,8.64203170553187e-37,4.0
468,0.0,0.0,0.41230769230814196,0.4123076923081417,0.4123076923081417,0.4123076923081417,0.4123076923081417,-3.571823474860044e-18,6.04614087525497e-37,4.0
469,0.0,0.0,0.41230769230814196,0.4123076923081417,0.4123076923081417,0.4123076923081417,0.4123076923081417,-3.571823474860044e-18,6.04614087525497e-37,4.0
470,0.0,0.0,0.41230769230814196,0.4123076923081417,0.4123076923081417,0.4123076923081417,0.4123076923081417,-6.275152163890588e-20,6.04614087525497e-37,4.0
471,0.0,0.0,0.41230769230814196,0.4123076923081417,0.4123076923081417,0.4123076923081417,0.4123076923081417,-6.275152163890588e-20,-4.503283045148652e-39,4.0
472,0.0,0.0,0.41230769230814196,0.4123076923081417,0.4123076923081417,0.4123076923081417,0.4123076923081417,-6.275152163890588e-20,-4.503283045148652e-39,4.0
473,0.0,0.0,0.41230769230814196,0.4123076923081417,0.4123076923081417,0.4123076923081417,0.4123076923081417,4.0193767203264183e-19,-7.04121199031681e-38,4.0
474,0.0,0.0,0.41230769230814196,0.4123076923081417,0.4123076923081417,0.4123076923081417,0.4123076923081417,4.0193767203264183e-19,-7.04121199031681e-38,4.0
475,0.0,0.0,0.41230769230814196,0.4123076923081417,0.4123076923081417,0.4123076923081417,0.4123076923081417,7.047977380783648e-20,-1.0559167229990085e-38,4.0
476,0.0,0.0,0.41230769230814196,0.4123076923081417,0.4123076923081417,0.4123076923081417,0.4123076923081417,7.047977380783648e-20,-1.0559167229990085e-38,4.0
477,0.0,0.0,0.41230769230814196,0.4123076923081417,0.4123076923081417,0.4123076923081417,0.4123076923081417,7.047977380783648e-20,-1.0559167229990085e-38,4.0
478,0.0,0.0,0.4123076923081419,0.4123076923081417,0.4123076923081417,0.4123076923081417,0.4123076923081417,-3.52474871778162e-20,6.456204972742715e-39,4.0
479,0.0,0.0,0.4123076923081419,0.4123076923081417,0.4123076923081417,0.4123076923081417,0.4123076923081417,-3.52474871778162e-20,6.456204972742715e-39,4.0
480,0.0,0.0,0.4123076923081419,0.4123076923081417,0.4123076923081417,0.4123076923081417,0.4123076923081417,-3.52474871778162e-20,2.233115968840383e-39,4.0
481,0.0,0.0,0.4123076923081419,0.4123076923081417,0.4123076923081417,0.4123076923081417,0.4123076923081417,-1.3670729142815118e-20,2.233115968840383e-39,4.0
482,0.0,0.0,0.4123076923081419,0.4123076923081417,0.4123076923081417,0.4123076923081417,0.4123076923081417,-1.3670729142815118e-20,2.233115968840383e-39,4.0
483,0.0,0.0,0.4123076923081419,0.4123076923081417,0.4123076923081417,0.4123076923081417,0.4123076923081417,1.9127157290589302e-21,-3.9296197709387256e-40,4.0
484,0.0,0.0,0.4123076923081419,0.4123076923081417,0.4123076923081417,0.4123076923081417,0.4123076923081417,1.9127157290589302e-21,-3.9296197709387256e-40,4.0
485,0.0,0.0,0.41230769230814185,0.4123076923081417,0.4123076923081417,0.4123076923081417,0.4123076923081417,1.9127157290589302e-21,-3.1927411343272913e-40,4.0
486,0.0,0.0,0.41230769230814185,0.4123076923081417,0.4123076923081417,0.4123076923081417,0.4123076923081417,1.8769967944939043e-21,-3.1927411343272913e-40,4.0
487,0.0,0.0,0.41230769230814185,0.4123076923081417,0.4123076923081417,0.4123076923081417,0.4123076923081417,1.8769967944939043e-21,-3.1927411343272913e-40,4.0
488,0.0,0.0,0.41230769230814185,0.4123076923081417,0.4123076923081417,0.4123076923081417,0.4123076923081417,7.481184207804057e-23,-4.930134890850508e-42,4.0
489,0.0,0.0,0.41230769230814185,0.4123076923081417,0.4123076923081417,0.4123076923081417,0.4123076923081417,7.481184207804057e-23,-4.930134890850508e-42,4.0
490,0.0,0.0,0.41230769230814185,0.4123076923081417,0.4123076923081417,0.4123076923081417,0.4123076923081417,-2.0462041806495795e-22,3.6032177946562545e-41,4.0
491,0.0,0.0,0.4123076923081418,0.4123076923081417,0.4123076923081417,0.4123076923081417,0.4123076923081417,-2.0462041806495795e-22,3.6032177946562545e-41,4.0
492,0.0,0.0,0.4123076923081418,0.4123076923081417,0.4123076923081417,0.4123076923081417,0.4123076923081417,-2.0462041806495795e-22,3.6032177946562545e-41,4.0
493,0.0,0.0,0.4123076923081418,0.4123076923081417,0.4123076923081417,0.4123076923081417,0.4123076923081417,-4.0818703997321347e-23,6.237520296062131e-42,4.0
494,0.0,0.0,0.4123076923081418,0.4123076923081417,0.4123076923081417,0.4123076923081417,0.4123076923081417,-4.0818703997321347e-23,6.237520296062131e-42,4.0
495,0.0,0.0,0.41230769230814174,0.4123076923081417,0.4123076923081417,0.4123076923081417,0.4123076923081417,1.716768186056166e-23,6.237520296062131e-42,4.0
496,0.0,0.0,0.41230769230814174,0.4123076923081417,0.4123076923081417,0.4123076923081417,0.4123076923081417,1.716768186056166e-23,-3.172624856355988e-42,4.0
497,0.0,0.0,0.41230769230814174,0.4123076923081417,0.4123076923081417,0.4123076923081417,0.4123076923081417,1.716768186056166e-23,-3.172624856355988e-42,4.0
498,0.0,0.0,0.4123076923081417,0.4123076923081417,0.4123076923081417,0.4123076923081417,0.4123076923081417,7.406922610785747e-24,-1.2182661512156537e-42,4.0
499,0.0,0.0,0.4123076923081417,0.4123076923081417,0.4123076923081417,0.4123076923081417,0.4123076923081417,7.406922610785747e-24,-1.2182661512156537e-42,4.0
500,0.0,0.0,0.0,0.0,0.0,0.0,0.0,0.0,0.0,5.0
501,0.0,0.0,0.0,0.0,0.0,0.0,0.0,0.0,0.0,5.0
502,0.0,0.0,0.0,0.0,0.0,0.0,0.0,0.0,0.0,5.0
503,0.0,0.0,0.0,0.0,0.0,0.0,0.0,0.0,0.0,5.0
504,0.0,0.0,0.0,0.0,0.0,0.0,0.0,0.0,0.0,5.0
505,0.0,0.0,0.0,0.0,0.0,0.0,0.0,0.0,0.0,5.0
506,0.0,0.0,0.0,0.0,0.0,0.0,0.0,0.0,0.0,5.0
507,0.0,0.0,0.0,0.0,0.0,0.0,0.0,0.0,0.0,5.0
508,0.0,0.0,0.0,0.0,0.0,0.0,0.0,0.0,0.0,5.0
509,0.0,0.0,0.0,0.0,0.0,0.0,0.0,0.0,0.0,5.0
510,0.0,0.0,0.0,0.0,0.0,0.0,0.0,0.0,0.0,5.0
511,0.0,0.0,0.0,0.0,0.0,0.0,0.0,0.0,0.0,5.0
512,0.0,0.0,0.0,0.0,0.0,0.0,0.0,0.0,0.0,5.0
513,0.0,0.0,0.0,0.0,0.0,0.0,0.0,0.0,0.0,5.0
514,0.0,0.0,0.0,0.0,0.0,0.0,0.0,0.0,0.0,5.0
515,0.0,0.0,0.0,0.0,0.0,0.0,0.0,0.0,0.0,5.0
516,0.0,0.0,0.0,0.0,0.0,0.0,0.0,0.0,0.0,5.0
517,0.0,0.0,0.0,0.0,0.0,0.0,0.0,0.0,0.0,5.0
518,0.0,0.0,0.0,0.0,0.0,0.0,0.0,0.0,0.0,5.0
519,0.0,0.0,0.0,0.0,0.0,0.0,0.0,0.0,0.0,5.0
520,0.0,0.0,0.0,0.0,0.0,0.0,0.0,0.0,0.0,5.0
521,0.0,0.0,0.0,0.0,0.0,0.0,0.0,0.0,0.0,5.0
522,0.0,0.0,0.0,0.0,0.0,0.0,0.0,0.0,0.0,5.0
523,0.0,0.0,0.0,0.0,0.0,0.0,0.0,0.0,0.0,5.0
524,0.0,0.0,0.0,0.0,0.0,0.0,0.0,0.0,0.0,5.0
525,0.0,0.0,0.0,0.0,0.0,0.0,0.0,0.0,0.0,5.0
526,0.0,0.0,0.0,0.0,0.0,0.0,0.0,0.0,0.0,5.0
527,0.0,0.0,0.0,0.0,0.0,0.0,0.0,0.0,0.0,5.0
528,0.0,0.0,0.0,0.0,0.0,0.0,0.0,0.0,0.0,5.0
529,0.0,0.0,0.0,0.0,0.0,0.0,0.0,0.0,0.0,5.0
530,0.0,0.0,0.0,0.0,0.0,0.0,0.0,0.0,0.0,5.0
531,0.0,0.0,0.0,0.0,0.0,0.0,0.0,0.0,0.0,5.0
532,0.0,0.0,0.0,0.0,0.0,0.0,0.0,0.0,0.0,5.0
533,0.0,0.0,0.0,0.0,0.0,0.0,0.0,0.0,0.0,5.0
534,0.0,0.0,0.0,0.0,0.0,0.0,0.0,0.0,0.0,5.0
535,0.0,0.0,0.0,0.0,0.0,0.0,0.0,0.0,0.0,5.0
536,0.0,0.0,0.0,0.0,0.0,0.0,0.0,0.0,0.0,5.0
537,0.0,0.0,0.0,0.0,0.0,0.0,0.0,0.0,0.0,5.0
538,0.0,0.0,0.0,0.0,0.0,0.0,0.0,0.0,0.0,5.0
539,0.0,0.0,0.0,0.0,0.0,0.0,0.0,0.0,0.0,5.0
540,0.0,0.0,0.0,0.0,0.0,0.0,0.0,0.0,0.0,5.0
541,0.0,0.0,0.0,0.0,0.0,0.0,0.0,0.0,0.0,5.0
542,0.0,0.0,0.0,0.0,0.0,0.0,0.0,0.0,0.0,5.0
543,0.0,0.0,0.0,0.0,0.0,0.0,0.0,0.0,0.0,5.0
544,0.0,0.0,0.0,0.0,0.0,0.0,0.0,0.0,0.0,5.0
545,0.0,0.0,0.0,0.0,0.0,0.0,0.0,0.0,0.0,5.0
546,0.0,0.0,0.0,0.0,0.0,0.0,0.0,0.0,0.0,5.0
547,0.0,0.0,0.0,0.0,0.0,0.0,0.0,0.0,0.0,5.0
548,0.0,0.0,0.0,0.0,0.0,0.0,0.0,0.0,0.0,5.0
549,0.0,0.0,0.0,0.0,0.0,0.0,0.0,0.0,0.0,5.0
550,0.0,0.0,0.0,0.0,0.0,0.0,0.0,0.0,0.0,5.0
551,0.0,0.0,0.0,0.0,0.0,0.0,0.0,0.0,0.0,5.0
552,0.0,0.0,0.0,0.0,0.0,0.0,0.0,0.0,0.0,5.0
553,0.0,0.0,0.0,0.0,0.0,0.0,0.0,0.0,0.0,5.0
554,0.0,0.0,0.0,0.0,0.0,0.0,0.0,0.0,0.0,5.0
555,0.0,0.0,0.0,0.0,0.0,0.0,0.0,0.0,0.0,5.0
556,0.0,0.0,0.0,0.0,0.0,0.0,0.0,0.0,0.0,5.0
557,0.0,0.0,0.0,0.0,0.0,0.0,0.0,0.0,0.0,5.0
558,0.0,0.0,0.0,0.0,0.0,0.0,0.0,0.0,0.0,5.0
559,0.0,0.0,0.0,0.0,0.0,0.0,0.0,0.0,0.0,5.0
560,0.0,0.0,0.0,0.0,0.0,0.0,0.0,0.0,0.0,5.0
561,0.0,0.0,0.0,0.0,0.0,0.0,0.0,0.0,0.0,5.0
562,0.0,0.0,0.0,0.0,0.0,0.0,0.0,0.0,0.0,5.0
563,0.0,0.0,0.0,0.0,0.0,0.0,0.0,0.0,0.0,5.0
564,0.0,0.0,0.0,0.0,0.0,0.0,0.0,0.0,0.0,5.0
565,0.0,0.0,0.0,0.0,0.0,0.0,0.0,0.0,0.0,5.0
566,0.0,0.0,0.0,0.0,0.0,0.0,0.0,0.0,0.0,5.0
567,0.0,0.0,0.0,0.0,0.0,0.0,0.0,0.0,0.0,5.0
568,0.0,0.0,0.0,0.0,0.0,0.0,0.0,0.0,0.0,5.0
569,0.0,0.0,0.0,0.0,0.0,0.0,0.0,0.0,0.0,5.0
570,0.0,0.0,0.0,0.0,0.0,0.0,0.0,0.0,0.0,5.0
571,0.0,0.0,0.0,0.0,0.0,0.0,0.0,0.0,0.0,5.0
572,0.0,0.0,0.0,0.0,0.0,0.0,0.0,0.0,0.0,5.0
573,0.0,0.0,0.0,0.0,0.0,0.0,0.0,0.0,0.0,5.0
574,0.0,0.0,0.0,0.0,0.0,0.0,0.0,0.0,0.0,5.0
575,0.0,0.0,0.0,0.0,0.0,0.0,0.0,0.0,0.0,5.0
576,0.0,0.0,0.0,0.0,0.0,0.0,0.0,0.0,0.0,5.0
577,0.0,0.0,0.0,0.0,0.0,0.0,0.0,0.0,0.0,5.0
578,0.0,0.0,0.0,0.0,0.0,0.0,0.0,0.0,0.0,5.0
579,0.0,0.0,0.0,0.0,0.0,0.0,0.0,0.0,0.0,5.0
580,0.0,0.0,0.0,0.0,0.0,0.0,0.0,0.0,0.0,5.0
581,0.0,0.0,0.0,0.0,0.0,0.0,0.0,0.0,0.0,5.0
582,0.0,0.0,0.0,0.0,0.0,0.0,0.0,0.0,0.0,5.0
583,0.0,0.0,0.0,0.0,0.0,0.0,0.0,0.0,0.0,5.0
584,0.0,0.0,0.0,0.0,0.0,0.0,0.0,0.0,0.0,5.0
585,0.0,0.0,0.0,0.0,0.0,0.0,0.0,0.0,0.0,5.0
586,0.0,0.0,0.0,0.0,0.0,0.0,0.0,0.0,0.0,5.0
587,0.0,0.0,0.0,0.0,0.0,0.0,0.0,0.0,0.0,5.0
588,0.0,0.0,0.0,0.0,0.0,0.0,0.0,0.0,0.0,5.0
589,0.0,0.0,0.0,0.0,0.0,0.0,0.0,0.0,0.0,5.0
590,0.0,0.0,0.0,0.0,0.0,0.0,0.0,0.0,0.0,5.0
591,0.0,0.0,0.0,0.0,0.0,0.0,0.0,0.0,0.0,5.0
592,0.0,0.0,0.0,0.0,0.0,0.0,0.0,0.0,0.0,5.0
593,0.0,0.0,0.0,0.0,0.0,0.0,0.0,0.0,0.0,5.0
594,0.0,0.0,0.0,0.0,0.0,0.0,0.0,0.0,0.0,5.0
595,0.0,0.0,0.0,0.0,0.0,0.0,0.0,0.0,0.0,5.0
596,0.0,0.0,0.0,0.0,0.0,0.0,0.0,0.0,0.0,5.0
597,0.0,0.0,0.0,0.0,0.0,0.0,0.0,0.0,0.0,5.0
598,0.0,0.0,0.0,0.0,0.0,0.0,0.0,0.0,0.0,5.0
599,0.0,0.0,0.0,0.0,0.0,0.0,0.0,0.0,0.0,5.0
